店铺代码,地区编码,渠道大类,商圈等级描述,商圈类别描述,店铺位置,店铺状态,仓储类别,营业员数,仓储面积,店铺等级,店铺时尚度,接受价格等级,店铺类型,装修代数
DPX00X,GBL6020,DZ01,流行,中心,1F中岛,A,店外仓,2.0,15.0,A,2.0,中,1.0,8代
DPX002,GBL6020,DZ01,流行,中心,1F中岛,A,店外仓,2.0,17.0,A,1.0,中,1.0,7代
DPX003,GBL6020,DZ01,流行,中心,2F中岛,A,店外仓,2.0,10.0,B,2.0,中,1.0,7代
DPX004,GBL6020,DZ01,流行,新兴,1F边厅,A,店外仓,2.0,13.0,B,2.0,中,1.0,7代
DPX005,GBL6020,DZ01,流行,中心,1F边厅,A,店外仓,3.0,9.0,B,1.0,中,1.0,7代
DPX006,GBL6020,DZ01,大众,中心,3F边厅,Z1,店外仓,3.0,15.0,B,3.0,中,1.0,7代
DPX007,GBL6020,DZ01,流行,中心,1F中岛,A,店外仓,3.0,20.0,B,2.0,中,1.0,7代
DPX008,GBL6020,DZ01,大众,社区,1F边厅,A,店外仓,3.0,15.0,C,3.0,低,1.0,7代
DPX0X0,GBL6020,DZ01,高端,新兴,1F边厅,Z1,店外仓,2.0,10.0,C,3.0,中,1.0,7代
DPX0X2,GBL6020,DZ01,流行,中心,2F边厅,A,店外仓,4.0,14.0,A,2.0,中,1.0,7代
DPX0X3,GBL6020,DZ01,大众,社区,1F边厅,A,店外仓,4.0,12.0,A,3.0,中,1.0,7代
DPX0X4,GBL6020,DZ01,大众,社区,1F边厅,A,店外仓,3.0,12.0,B,3.0,低,1.0,7代
DPX0X5,GBL6020,DZ01,流行,中心,1F边厅,A,店外仓,4.0,35.3,B,2.0,中,1.0,7代
DPX0X7,GBL6020,DZ01,流行,中心,1F边厅,A,店外仓,3.0,5.0,B,3.0,低,1.0,7代
DPX0X8,GBL6020,DZ01,大众,中心,3F边厅,A,店外仓,3.0,9.0,C,3.0,中,1.0,8代
DPX020,GBL6020,DZ01,高端,中心,4F边厅,A,店外仓,4.0,16.0,A,1.0,高,1.0,8代
DPX022,GBL6020,DZ01,折扣,新兴,4F中岛,Z1,店外仓,3.0,6.0,B,3.0,低,1.0,7代
DPX024,GBL6020,DZ01,大众,中心,2F边厅,A,店外仓,3.0,12.0,B,3.0,中,1.0,5代
DPX025,GBL6010,DZ01,大众,新兴,1F边厅,Z1,店外仓,3.0,5.0,C,3.0,中,1.0,7代
DPX028,GBL6010,DZ01,折扣,郊区,2F边厅,A,店外仓,2.0,25.0,D,2.0,低,3.0,7代
DPX029,GBL6010,DZ01,折扣,中心,1F边厅,Z1,店外仓,3.0,5.2,C,3.0,低,2.0,5代
DPX030,GBL6010,DZ01,折扣,社区,2F边厅,A,店外仓,3.0,9.0,C,3.0,低,1.0,7代
DPX03X,GBL6010,DZ01,流行,中心,负1F边厅,A,店外仓,3.0,16.0,C,1.0,中,1.0,7代
DPX033,GBL6010,DZ01,流行,中心,2F边厅,A,店外仓,3.0,31.4,A,2.0,高,1.0,7代
DPX034,GBL6010,DZ01,流行,中心,1F边厅,A,店外仓,3.0,17.18,B,3.0,中,1.0,8代
DPX035,GBL6010,DZ01,折扣,社区,1F边厅,A,店外仓,3.0,10.8,B,3.0,中,1.0,7代
DPX037,GBL6010,DZ01,高端,社区,1F中岛,A,店外仓,3.0,15.0,A,3.0,中,1.0,7代
DPX038,GBL6010,DZ01,流行,中心,1F边厅,A,店外仓,3.0,10.0,B,3.0,中,1.0,7代
DPX039,GBL6010,DZ01,流行,新兴,1F边厅,A,店外仓,3.0,10.0,B,1.0,中,1.0,7代
DPX04X,GBL6010,DZ01,流行,中心,1F边厅,A,店外仓,4.0,20.0,A,3.0,高,1.0,8代
DPX042,GBL6010,DZ01,大众,中心,2F边厅,Z1,店外仓,3.0,12.9,B,3.0,中,1.0,7代
DPX043,GBL6010,DZ01,流行,中心,1F边厅,A,店外仓,3.0,16.56,B,1.0,高,1.0,7代
DPX045,GBL6010,DZ01,大众,中心,2F边厅,Z1,店外仓,3.0,11.0,C,3.0,中,1.0,7代
DPX046,GBL6010,DZ01,大众,中心,1F边厅,Z1,店外仓,3.0,11.0,C,3.0,低,1.0,7代
DPX047,GBL6010,DZ01,大众,中心,1F边厅,A,店外仓,3.0,17.0,B,3.0,中,1.0,7代
DPX048,GBL6020,DZ01,大众,郊区,1F边厅,A,店外仓,3.0,8.0,A,3.0,低,1.0,7代
DPX049,GBL6020,DZ01,大众,郊区,1F边厅,A,店外仓,3.0,9.0,C,3.0,中,1.0,7代
DPX050,GBL6020,DZ01,大众,中心,1F边厅,A,店外仓,3.0,8.0,B,3.0,中,1.0,7代
DPX05X,GBL6020,DZ01,大众,中心,4F边厅,A,店外仓,3.0,9.0,C,3.0,中,1.0,7代
DPX052,GBL6020,DZ01,高端,郊区,1F边厅,A,店外仓,3.0,12.0,A,1.0,高,1.0,8代
DPX053,GBL6020,DZ01,高端,中心,2F边厅,A,店外仓,3.0,15.0,B,1.0,高,1.0,7代
DPX054,GBL6020,DZ01,大众,郊区,1F边厅,A,店外仓,3.0,10.0,C,3.0,低,1.0,8代
DPX056,GBL6020,DZ01,大众,郊区,1F边厅,A,店外仓,3.0,10.0,B,3.0,中,1.0,7代
DPX057,GBL6020,DZ01,高端,郊区,1F边厅,A,店外仓,3.0,15.0,B,1.0,高,1.0,7代
DPX058,GBL6020,DZ01,大众,新兴,1F边厅,Z1,店外仓,3.0,20.0,B,3.0,低,1.0,7代
DPX059,GBL6020,DZ01,大众,社区,1F边厅,A,店外仓,2.0,11.0,C,3.0,低,1.0,6代
DPX060,GBL6020,DZ01,流行,中心,2F边厅,A,店外仓,4.0,14.0,A,2.0,中,1.0,8代
DPX06X,GBL6020,DZ01,流行,中心,1F边厅,A,店外仓,3.0,15.0,B,2.0,中,1.0,8代
DPX064,GBL6010,DZ01,高端,中心,2F中岛,A,店外仓,3.0,9.25,B,1.0,高,1.0,7代
DPX065,GBL6010,DZ01,大众,中心,2F边厅,A,店外仓,3.0,10.0,B,3.0,中,1.0,5代
DPX066,GBL6010,DZ01,流行,中心,负1F边厅,A,店外仓,3.0,24.5,B,2.0,中,1.0,7代
DPX067,GBL6010,DZ01,高端,社区,1F中岛,A,店外仓,3.0,24.6,A,2.0,高,1.0,7代
DPX068,GBL6010,DZ01,大众,社区,负1F边厅,A,店外仓,3.0,10.0,B,3.0,中,1.0,8代
DPX069,GBL6010,DZ01,折扣,社区,1F中岛,A,店外仓,3.0,20.0,C,3.0,低,1.0,7代
DPX070,GBL6010,DZ01,流行,社区,1F边厅,A,店外仓,3.0,12.0,A,1.0,中,1.0,7代
DPX07X,GBL6010,DZ01,高端,中心,3F中岛,A,店外仓,4.0,15.0,A,1.0,高,1.0,8代
DPX073,GBL6010,DZ01,大众,郊区,1F边厅,A,店外仓,2.0,31.5,C,3.0,中,3.0,7代
DPX074,GBL6010,DZ01,流行,中心,负1F边厅,A,店外仓,4.0,12.0,B,2.0,中,1.0,8代
DPX076,GBL6010,DZ01,大众,社区,1F中岛,A,店外仓,3.0,15.0,B,3.0,中,1.0,7代
DPX077,GBL6030,DZ01,大众,社区,1F边厅,Z1,店外仓,3.0,12.0,A,3.0,中,1.0,7代
DPX078,GBL6030,DZ01,大众,社区,1F边厅,A,店外仓,5.0,10.0,B,3.0,中,1.0,8代
DPX079,GBL6030,DZ01,大众,社区,1F边厅,Z1,店外仓,3.0,15.0,C,3.0,中,1.0,7代
DPX08X,GBL6030,DZ01,大众,社区,1F边厅,A,店外仓,4.0,13.0,C,3.0,中,1.0,7代
DPX082,GBL6030,DZ01,大众,社区,1F边厅,A,店外仓,3.0,12.0,B,3.0,中,1.0,5代
DPX087,GBL6030,DZ01,大众,中心,2F边厅,A,店外仓,4.0,16.0,B,3.0,中,1.0,7代
DPX088,GBL6030,DZ01,大众,新兴,1F中岛,A,店外仓,3.0,20.0,B,3.0,中,1.0,7代
DPX089,GBL6030,DZ01,大众,社区,1F边厅,A,店外仓,2.0,15.0,B,3.0,中,1.0,7代
DPX090,GBL6030,DZ01,高端,中心,3F边厅,A,店外仓,3.0,12.0,A,3.0,高,1.0,7代
DPX09X,GBL6030,DZ01,大众,社区,1F边厅,A,店外仓,4.0,16.0,A,3.0,高,1.0,7代
DPX092,GBL6030,DZ01,高端,社区,1F边厅,A,店外仓,3.0,12.0,A,3.0,高,1.0,7代
DPX094,GBL6030,DZ01,大众,社区,1F边厅,A,店外仓,3.0,15.0,B,3.0,低,1.0,7代
DPX095,GBL6030,DZ01,流行,中心,3F边厅,A,店外仓,2.0,12.0,A,3.0,高,1.0,7代
DPX097,GBL6030,DZ01,高端,社区,1F边厅,A,店外仓,3.0,10.0,C,3.0,低,1.0,5代
DPX098,GBL6030,DZ01,大众,社区,2F边厅,A,店外仓,5.0,15.0,B,3.0,中,1.0,7代
DPX099,GBL6030,DZ01,大众,社区,1F边厅,A,店外仓,3.0,15.0,B,3.0,低,1.0,7代
DPXX0X,GBL6030,DZ01,大众,社区,2F边厅,A,店外仓,2.0,15.0,C,3.0,低,1.0,7代
DPXX02,GBL6030,DZ01,大众,社区,2F边厅,A,店外仓,2.0,16.0,C,3.0,低,1.0,7代
DPXX03,GBL6030,DZ01,大众,社区,2F边厅,A,店外仓,2.0,15.0,C,3.0,低,1.0,7代
DPXX04,GBL6030,DZ01,大众,社区,1F边厅,A,店外仓,4.0,15.0,D,3.0,低,1.0,7代
DPXX05,GBL6030,DZ01,大众,社区,1F边厅,A,店外仓,4.0,15.0,B,3.0,中,1.0,7代
DPXX06,GBL6030,DZ01,大众,社区,1F边厅,A,店外仓,4.0,16.0,C,3.0,低,1.0,7代
DPXX07,GBL6030,DZ01,大众,社区,2F边厅,Z1,店外仓,4.0,15.0,D,3.0,中,1.0,6代
DPXX08,GBL6030,DZ01,大众,社区,1F边厅,A,店外仓,5.0,16.0,B,3.0,中,1.0,8代
DPXX09,GBL6030,DZ01,流行,中心,2F边厅,A,店外仓,6.0,20.0,A,1.0,高,1.0,9代
DPXXX0,GBL6030,DZ01,大众,社区,1F边厅,A,店外仓,5.0,20.0,A,3.0,高,1.0,8代
DPXXX6,GBL6030,DZ01,流行,中心,3F边厅,A,店外仓,2.0,12.0,B,1.0,中,1.0,7代
DPXXX7,GBL6030,DZ01,大众,社区,2F边厅,A,店外仓,3.0,20.0,B,3.0,中,1.0,7代
DPXXX8,GBL6030,DZ01,大众,社区,1F边厅,Z1,店外仓,2.0,20.0,C,3.0,低,1.0,6代
DPXXX9,GBL6030,DZ01,大众,社区,1F边厅,A,店外仓,4.0,20.0,C,3.0,中,1.0,6代
DPXX20,GBL6030,DZ01,大众,社区,1F边厅,A,店外仓,5.0,15.0,A,3.0,中,1.0,7代
DPXX2X,GBL6030,DZ01,大众,社区,1F边厅,Z1,店外仓,3.0,12.0,C,3.0,低,1.0,5代
DPXX22,GBL6030,DZ01,大众,社区,1F边厅,A,店外仓,4.0,15.0,A,3.0,中,1.0,6代
DPXX24,GBL6030,DZ01,大众,社区,2F中岛,Z1,店外仓,4.0,10.0,C,3.0,中,1.0,未知
DPXX25,GBL6030,DZ01,大众,社区,3F边厅,A,店外仓,4.0,10.0,B,3.0,中,3.0,未知
DPXX26,GBL6030,DZ01,大众,社区,1F边厅,A,店外仓,4.0,10.0,B,3.0,中,1.0,未知
DPXX29,GBL6030,DZ01,大众,社区,1F边厅,A,店外仓,4.0,15.0,A,3.0,高,1.0,7代
DPXX30,GBL6030,DZ01,大众,社区,2F边厅,A,店外仓,4.0,15.0,C,3.0,中,1.0,7代
DPXX3X,GBL6030,DZ01,大众,中心,2F边厅,A,店外仓,4.0,15.0,B,3.0,中,1.0,7代
DPXX33,GBL6030,DZ01,大众,社区,1F边厅,A,店外仓,3.0,13.0,A,3.0,中,1.0,7代
DPXX35,GBL6030,DZ01,大众,社区,负1F边厅,A,店外仓,4.0,13.0,B,3.0,中,1.0,7代
DPXX36,GBL6030,DZ01,大众,社区,1F边厅,A,店外仓,3.0,15.0,B,3.0,中,1.0,8代
DPXX37,GBL6030,DZ01,大众,中心,1F边厅,A,店外仓,5.0,15.0,A,3.0,中,1.0,7代
DPXX38,GBL6030,DZ01,大众,社区,3F边厅,A,店外仓,5.0,15.0,A,3.0,中,1.0,7代
DPXX39,GBL6030,DZ01,大众,社区,1F边厅,Z1,店外仓,5.0,15.0,A,3.0,中,1.0,7代
DPXX40,GBL6030,DZ01,高端,社区,2F中岛,A,店外仓,3.0,13.0,A,3.0,高,1.0,8代
DPXX4X,GBL6030,DZ01,大众,社区,1F边厅,A,店外仓,3.0,15.0,B,3.0,中,1.0,7代
DPXX42,GBL6030,DZ01,大众,社区,2F边厅,A,店外仓,5.0,20.0,A,3.0,中,1.0,7代
DPXX43,GBL6030,DZ01,大众,社区,1F边厅,A,店外仓,3.0,15.0,A,3.0,中,1.0,8代
DPXX44,GBL6030,DZ01,大众,社区,1F边厅,A,店外仓,4.0,15.0,A,3.0,中,1.0,8代
DPXX45,GBL6030,DZ01,大众,社区,1F边厅,A,店外仓,4.0,13.0,C,3.0,低,1.0,8代
DPXX46,GBL6030,DZ01,大众,中心,2F边厅,A,店外仓,5.0,15.0,B,3.0,中,1.0,7代
DPXX47,GBL6030,DZ01,大众,社区,1F边厅,A,店外仓,5.0,15.0,B,3.0,中,1.0,7代
DPXX48,GBL6030,DZ01,大众,社区,1F边厅,A,店外仓,5.0,16.0,B,3.0,中,1.0,7代
DPXX49,GBL6030,DZ01,流行,中心,1F边厅,A,店外仓,8.0,20.0,A,3.0,中,1.0,9代
DPXX5X,GBL6030,DZ01,大众,社区,1F边厅,A,店外仓,4.0,16.0,C,3.0,中,1.0,7代
DPXX52,GBL6030,DZ01,大众,社区,2F边厅,A,店外仓,4.0,16.0,C,3.0,中,1.0,7代
DPXX53,GBL6030,DZ01,大众,社区,1F中岛,A,店外仓,5.0,20.0,A,3.0,中,2.0,未知
DPXX54,GBL6030,DZ01,大众,社区,1F边厅,A,店外仓,2.0,15.0,C,3.0,低,1.0,6代
DPXX58,GBL6040,DZ01,折扣,郊区,2F边厅,A,店外仓,3.0,13.78,D,3.0,低,1.0,6代
DPXX59,GBL6040,DZ01,高端,郊区,2F边厅,A,店外仓,4.0,15.82,A,3.0,中,1.0,7代
DPXX60,GBL6040,DZ01,流行,郊区,1F边厅,A,店外仓,4.0,20.0,A,2.0,中,1.0,6代
DPXX62,GBL6040,DZ01,大众,中心,2F边厅,A,店外仓,4.0,15.7,A,3.0,中,1.0,6代
DPXX63,GBL6040,DZ01,高端,中心,2F中岛,A,店外仓,6.0,15.0,A,3.0,中,1.0,7代
DPXX64,GBL6040,DZ01,大众,郊区,1F边厅,A,店外仓,5.0,29.0,B,3.0,中,1.0,7代
DPXX65,GBL6040,DZ01,大众,郊区,2F边厅,A,店外仓,3.0,13.0,C,3.0,低,1.0,6代
DPXX66,GBL6040,DZ01,大众,中心,1F边厅,A,店外仓,3.0,23.0,C,3.0,低,1.0,7代
DPXX67,GBL6040,DZ01,大众,社区,1F中岛,A,店外仓,4.0,10.0,B,3.0,中,1.0,8代
DPXX68,GBL6040,DZ01,流行,中心,1F边厅,A,店外仓,4.0,30.4,A,2.0,中,1.0,7代
DPXX70,GBL6040,DZ01,大众,郊区,2F边厅,A,店外仓,3.0,44.4,A,3.0,中,1.0,7代
DPXX7X,GBL6040,DZ01,大众,郊区,2F边厅,A,店外仓,4.0,15.95,B,3.0,低,1.0,1代
DPXX72,GBL6040,DZ01,大众,郊区,1F边厅,A,店外仓,3.0,13.0,C,3.0,中,1.0,7代
DPXX73,GBL6040,DZ01,流行,中心,1F边厅,A,店外仓,4.0,40.0,A,2.0,中,1.0,7代
DPXX74,GBL6040,DZ01,折扣,中心,1F次边厅,A,店外仓,3.0,35.0,C,3.0,低,3.0,6代
DPXX75,GBL6040,DZ01,大众,中心,1F边厅,A,店外仓,3.0,20.0,D,3.0,中,1.0,6代
DPXX76,GBL6040,DZ01,大众,中心,1F次边厅,A,店外仓,3.0,18.0,D,3.0,中,1.0,6代
DPXX77,GBL6040,DZ01,大众,郊区,1F边厅,A,店外仓,3.0,8.0,B,3.0,中,1.0,6代
DPXX78,GBL6040,DZ01,流行,郊区,1F边厅,A,店外仓,4.0,30.0,B,1.0,中,1.0,7代
DPXX80,GBL6040,DZ01,大众,郊区,1F边厅,A,店外仓,3.0,14.0,B,1.0,中,1.0,7代
DPXX8X,GBL6040,DZ01,流行,中心,1F边厅,A,店外仓,4.0,20.0,B,2.0,中,1.0,8代
DPXX82,GBL6040,DZ01,大众,社区,1F边厅,A,店外仓,2.0,11.0,C,1.0,中,1.0,8代
DPXX83,GBL6040,DZ01,流行,中心,1F边厅,A,店外仓,3.0,20.0,C,1.0,中,1.0,7代
DPXX85,GBL6040,DZ01,大众,郊区,1F次边厅,A,店外仓,2.0,50.0,B,3.0,中,1.0,7代
DPXX86,GBL6040,DZ01,大众,中心,2F边厅,A,店外仓,4.0,10.0,A,1.0,高,1.0,7代
DPXX87,GBL6070,DZ01,大众,中心,2F边厅,Z1,店外仓,3.0,30.5,C,3.0,中,1.0,7代
DPXX88,GBL6040,DZ01,大众,社区,1F边厅,A,店外仓,3.0,15.0,C,3.0,中,1.0,7代
DPXX89,GBL6040,DZ01,大众,社区,1F边厅,A,店外仓,2.0,8.0,C,3.0,中,1.0,7代
DPXX90,GBL6040,DZ01,大众,中心,1F边厅,A,店外仓,3.0,15.0,C,3.0,中,1.0,7代
DPXX9X,GBL6040,DZ01,流行,中心,3F边厅,A,店外仓,4.0,12.0,B,1.0,高,1.0,7代
DPXX92,GBL6040,DZ01,大众,中心,1F中岛,A,店外仓,4.0,20.0,B,3.0,中,1.0,8代
DPXX93,GBL6040,DZ01,折扣,社区,负1F边厅,A,店外仓,3.0,15.0,C,3.0,低,1.0,7代
DPXX94,GBL6040,DZ01,折扣,社区,1F边厅,A,店外仓,3.0,16.0,C,3.0,低,1.0,7代
DPXX95,GBL6040,DZ01,折扣,社区,1F边厅,A,店外仓,3.0,12.0,C,3.0,低,1.0,8代
DPXX96,GBL6040,DZ01,流行,中心,1F边厅,A,店外仓,3.0,11.0,B,1.0,高,1.0,8代
DPXX97,GBL6040,DZ01,大众,中心,1F边厅,A,店外仓,3.0,9.0,B,3.0,中,1.0,7代
DPX200,GBL6040,DZ01,大众,中心,1F中岛,A,店外仓,3.0,16.0,C,3.0,中,1.0,8代
DPX202,GBL6090,DZ01,流行,新兴,未知,A,店外仓,3.0,11.0,C,2.0,中,1.0,7代
DPX203,GBL6040,DZ01,大众,中心,1F边厅,A,店外仓,5.0,12.0,A,3.0,中,1.0,8代
DPX204,GBL6040,DZ01,流行,中心,3F中岛,A,店外仓,3.0,14.0,C,1.0,高,1.0,7代
DPX205,GBL6050,DZ01,流行,中心,1F中岛,A,店外仓,3.0,12.0,B,1.0,高,1.0,7代
DPX206,GBL6050,DZ01,大众,中心,1F边厅,A,店外仓,4.0,10.0,A,2.0,中,1.0,7代
DPX207,GBL6050,DZ01,流行,中心,4F边厅,Z1,店外仓,3.0,14.0,B,2.0,中,1.0,6代
DPX208,GBL6050,DZ01,大众,社区,2F边厅,A,店外仓,3.0,10.0,C,3.0,低,1.0,7代
DPX209,GBL6050,DZ01,大众,社区,1F中岛,Z1,店外仓,3.0,11.0,C,3.0,低,1.0,7代
DPX2X0,GBL6050,DZ01,大众,中心,1F边厅,A,店外仓,4.0,10.0,A,1.0,高,1.0,7代
DPX2XX,GBL6050,DZ01,流行,社区,1F边厅,A,店外仓,4.0,10.0,A,2.0,中,1.0,7代
DPX2X2,GBL6050,DZ01,折扣,社区,1F中岛,A,店外仓,3.0,12.0,C,3.0,低,4.0,5代
DPX2X3,GBL6050,DZ01,大众,社区,负1F中岛,A,店外仓,3.0,20.0,C,2.0,中,1.0,8代
DPX2X4,GBL6050,DZ01,流行,中心,1F边厅,A,店外仓,3.0,14.0,B,2.0,中,1.0,7代
DPX2X5,GBL6050,DZ01,高端,新兴,1F边厅,A,店外仓,3.0,12.0,B,2.0,中,1.0,7代
DPX2X8,GBL6050,DZ01,大众,中心,1F边厅,A,店外仓,3.0,12.0,C,2.0,中,1.0,8代
DPX2X9,GBL6050,DZ01,流行,郊区,1F边厅,A,店外仓,3.0,25.0,A,1.0,高,1.0,7代
DPX220,GBL6050,DZ01,流行,中心,1F边厅,A,店外仓,3.0,18.0,B,2.0,中,1.0,8代
DPX22X,GBL6050,DZ01,大众,郊区,1F边厅,A,店外仓,2.0,15.0,A,3.0,低,1.0,7代
DPX222,GBL6050,DZ01,大众,中心,1F边厅,A,店外仓,4.0,10.0,B,1.0,高,1.0,7代
DPX223,GBL6050,DZ01,大众,郊区,1F边厅,A,店外仓,3.0,10.0,C,2.0,中,1.0,7代
DPX224,GBL6050,DZ01,流行,郊区,1F边厅,A,店外仓,3.0,13.0,B,2.0,中,1.0,6代
DPX225,GBL6050,DZ01,折扣,社区,1F中岛,A,店外仓,3.0,10.56,B,3.0,低,1.0,7代
DPX226,GBL6050,DZ01,流行,中心,3F边厅,Z1,店外仓,2.0,13.647102526002975,D,2.0,中,1.0,7代
DPX229,GBL6050,DZ01,流行,中心,1F边厅,A,店外仓,3.0,15.0,B,2.0,中,1.0,7代
DPX230,GBL6050,DZ01,流行,郊区,1F边厅,A,店外仓,3.0,7.0,B,2.0,中,1.0,8代
DPX23X,GBL6050,DZ01,折扣,中心,1F边厅,A,店外仓,3.0,11.0,C,3.0,低,1.0,7代
DPX232,GBL6050,DZ01,流行,郊区,1F边厅,A,店外仓,3.0,15.0,A,2.0,中,1.0,7代
DPX233,GBL6050,DZ01,折扣,社区,1F边厅,A,店外仓,3.0,12.8,B,3.0,低,1.0,7代
DPX234,GBL6050,DZ01,流行,中心,1F边厅,A,店外仓,3.0,8.0,B,2.0,中,1.0,8代
DPX236,GBL6080,DZ01,大众,中心,2F中岛,A,店外仓,4.0,13.647102526002975,A,3.0,中,2.0,7代
DPX239,GBL6080,DZ01,大众,郊区,1F边厅,A,店外仓,2.0,8.7,A,3.0,中,1.0,6代
DPX24X,GBL6080,DZ01,大众,中心,1F边厅,A,店外仓,2.0,4.0,B,3.0,中,1.0,7代
DPX242,GBL6080,DZ01,大众,郊区,1F边厅,A,店外仓,3.0,13.647102526002975,B,3.0,中,1.0,6代
DPX245,GBL6080,DZ01,大众,郊区,1F边厅,A,店外仓,3.0,13.647102526002975,B,3.0,中,1.0,5代
DPX249,GBL6080,DZ01,大众,中心,1F边厅,A,店外仓,2.0,11.6,B,3.0,中,1.0,7代
DPX250,GBL6080,DZ01,大众,新兴,1F边厅,A,店外仓,3.0,6.5,B,3.0,中,1.0,8代
DPX25X,GBL6080,DZ01,流行,中心,3F边厅,A,店外仓,3.0,13.647102526002975,B,1.0,中,1.0,7代
DPX252,GBL6080,DZ01,大众,中心,1F边厅,A,店外仓,3.0,13.647102526002975,B,3.0,高,1.0,8代
DPX254,GBL6080,DZ01,大众,中心,1F边厅,A,店外仓,2.0,13.647102526002975,B,3.0,中,1.0,7代
DPX255,GBL6080,DZ01,大众,中心,1F中岛,A,店外仓,3.0,13.647102526002975,A,3.0,中,1.0,7代
DPX256,GBL6080,DZ01,大众,社区,1F边厅,Z1,店外仓,3.0,13.647102526002975,B,3.0,中,1.0,7代
DPX258,GBL6080,DZ01,大众,社区,2F边厅,A,店外仓,3.0,13.647102526002975,B,3.0,中,1.0,7代
DPX26X,GBL6080,DZ01,大众,郊区,1F边厅,A,店外仓,3.0,13.647102526002975,B,3.0,中,1.0,7代
DPX262,GBL6080,DZ01,大众,郊区,1F边厅,Z1,店外仓,3.0,6.3,C,3.0,中,1.0,6代
DPX263,GBL6080,DZ01,大众,社区,1F边厅,Z1,店外仓,3.0,10.0,C,3.0,低,1.0,6代
DPX264,GBL6080,DZ01,大众,中心,1F边厅,A,店外仓,4.0,12.0,B,3.0,中,1.0,7代
DPX265,GBL6080,DZ01,大众,中心,1F中岛,Z1,店外仓,4.0,13.647102526002975,A,3.0,高,1.0,8代
DPX266,GBL6080,DZ01,大众,社区,1F边厅,A,店外仓,3.0,10.0,B,3.0,中,1.0,6代
DPX268,GBL6080,DZ01,大众,中心,1F中岛,A,店外仓,5.0,13.647102526002975,A,3.0,中,1.0,7代
DPX269,GBL6080,DZ01,大众,郊区,1F边厅,A,店外仓,2.0,13.647102526002975,B,3.0,中,1.0,8代
DPX270,GBL6080,DZ01,大众,郊区,1F边厅,A,店外仓,3.0,8.5,B,3.0,中,1.0,7代
DPX272,GBL6080,DZ01,大众,郊区,1F边厅,A,店外仓,3.0,11.5,B,3.0,中,1.0,6代
DPX273,GBL6080,DZ01,大众,社区,1F边厅,A,店外仓,4.0,13.5,A,3.0,中,1.0,8代
DPX274,GBL6080,DZ01,大众,中心,1F边厅,A,店外仓,3.0,2.9,B,3.0,中,1.0,7代
DPX275,GBL6080,DZ01,大众,中心,1F中岛,A,店外仓,4.0,13.647102526002975,B,3.0,中,1.0,9代
DPX276,GBL6080,DZ01,大众,中心,1F边厅,A,店外仓,4.0,13.647102526002975,A,3.0,中,1.0,7代
DPX277,GBL6080,DZ01,大众,社区,1F中岛,A,店外仓,4.0,12.5,B,3.0,中,1.0,8代
DPX278,GBL6080,DZ01,大众,中心,1F次边厅,A,店外仓,5.0,20.0,A,3.0,中,1.0,8代
DPX280,GBL6080,DZ01,大众,中心,1F边厅,Z1,店外仓,3.0,13.647102526002975,C,3.0,中,1.0,7代
DPX283,GBL6080,DZ01,大众,社区,2F边厅,Z1,店外仓,2.0,30.0,B,3.0,中,1.0,7代
DPX285,GBL6080,DZ01,高端,新兴,中岛,A,店外仓,3.0,12.0,A,2.0,中,1.0,7代
DPX286,GBL6080,DZ01,大众,中心,边柜,A,店外仓,3.0,10.0,B,3.0,低,1.0,8代
DPX288,GBL6080,DZ01,流行,社区,中岛,A,店外仓,3.0,8.0,B,3.0,中,1.0,7代
DPX289,GBL6080,DZ01,流行,中心,中岛,Z1,店外仓,2.0,8.0,C,2.0,中,1.0,7代
DPX290,GBL6080,DZ01,折扣,中心,中岛,A,店外仓,4.0,8.0,B,3.0,低,1.0,8代
DPX29X,GBL6080,DZ01,大众,中心,边柜,A,店外仓,3.0,12.0,B,2.0,中,1.0,8代
DPX292,GBL6060,DZ01,大众,社区,1F边厅,A,店外仓,3.0,8.0,B,3.0,低,1.0,7代
DPX295,GBL6080,DZ01,大众,中心,中岛,A,店外仓,2.0,9.0,B,3.0,中,1.0,7代
DPX296,GBL6080,DZ01,高端,中心,1F边厅,A,店外仓,3.0,8.0,A,1.0,高,1.0,7代
DPX297,GBL6080,DZ01,大众,新兴,边柜,Z1,店外仓,3.0,8.0,C,3.0,低,1.0,7代
DPX298,GBL6080,DZ01,流行,新兴,中岛,A,店外仓,3.0,8.0,B,2.0,中,1.0,8代
DPX300,GBL6080,DZ01,大众,中心,中岛,A,店外仓,2.0,9.0,B,2.0,中,3.0,8代
DPX30X,GBL6080,DZ01,流行,中心,中岛,Z1,店外仓,2.0,12.0,D,2.0,中,1.0,7代
DPX302,GBL6080,DZ01,大众,社区,中岛,A,店外仓,2.0,8.0,A,3.0,低,3.0,8代
DPX303,GBL6080,DZ01,流行,中心,边柜,A,店外仓,4.0,12.0,A,2.0,中,1.0,7代
DPX304,GBL6080,DZ01,大众,中心,中岛,A,店外仓,4.0,13.0,B,3.0,中,1.0,7代
DPX306,GBL6080,DZ01,流行,中心,边柜,A,店外仓,2.0,10.0,B,2.0,中,1.0,7代
DPX307,GBL6080,DZ01,大众,郊区,边柜,A,店外仓,2.0,10.0,D,3.0,低,1.0,7代
DPX308,GBL6080,DZ01,大众,中心,中岛,A,店外仓,2.0,10.0,B,3.0,中,1.0,7代
DPX309,GBL6080,DZ01,流行,郊区,中岛,A,店外仓,2.0,10.0,B,2.0,中,1.0,7代
DPX3X0,GBL6080,DZ01,折扣,中心,中岛,Z1,店外仓,2.0,7.0,C,3.0,低,1.0,7代
DPX3X2,GBL6080,DZ01,大众,中心,边柜,A,店外仓,2.0,10.0,B,3.0,中,1.0,8代
DPX3X4,GBL6070,DZ01,大众,中心,2F边厅,A,店外仓,4.0,15.0,A,3.0,中,1.0,7代
DPX3X6,GBL6070,DZ01,大众,中心,3F边厅,A,店外仓,5.0,19.0,A,3.0,中,1.0,8代
DPX3X7,GBL6070,DZ01,大众,中心,1F边厅,Z1,店外仓,3.0,20.0,C,3.0,低,1.0,7代
DPX3X8,GBL6070,DZ01,大众,中心,1F边厅,A,店外仓,3.0,20.0,C,3.0,中,1.0,7代
DPX3X9,GBL6070,DZ01,大众,中心,负1F边厅,A,店外仓,3.0,20.0,B,3.0,中,1.0,7代
DPX32X,GBL6070,DZ01,大众,中心,1F边厅,A,店外仓,3.0,7.0,C,3.0,中,1.0,7代
DPX322,GBL6070,DZ01,大众,中心,1F边厅,Z1,店外仓,3.0,9.0,C,3.0,中,1.0,7代
DPX323,GBL6070,DZ01,大众,郊区,1F边厅,A,店外仓,4.0,23.0,B,3.0,低,1.0,7代
DPX324,GBL6070,DZ01,大众,郊区,1F边厅,A,店外仓,3.0,7.0,C,3.0,中,1.0,7代
DPX326,GBL6070,DZ01,大众,中心,3F边厅,A,店外仓,4.0,20.0,A,3.0,中,1.0,7代
DPX327,GBL6070,DZ01,大众,中心,1F边厅,A,店外仓,3.0,20.0,C,3.0,中,1.0,7代
DPX328,GBL6070,DZ01,大众,郊区,1F边厅,A,店外仓,4.0,15.0,A,3.0,中,1.0,7代
DPX329,GBL6070,DZ01,大众,中心,1F中岛,A,店外仓,4.0,13.0,B,3.0,中,1.0,7代
DPX33X,GBL6070,DZ01,大众,中心,1F边厅,A,店外仓,3.0,14.0,C,3.0,低,1.0,7代
DPX332,GBL6070,DZ01,大众,中心,1F边厅,A,店外仓,4.0,20.0,B,3.0,中,1.0,7代
DPX335,GBL6070,DZ01,大众,中心,2F边厅,A,店外仓,4.0,12.0,B,3.0,中,1.0,8代
DPX336,GBL6070,DZ01,大众,中心,1F边厅,A,店外仓,4.0,14.0,B,3.0,中,1.0,7代
DPX337,GBL6070,DZ01,大众,中心,1F边厅,A,店外仓,4.0,13.0,A,3.0,中,1.0,6代
DPX338,GBL6070,DZ01,大众,中心,1F次边厅,Z1,店外仓,3.0,20.0,C,3.0,低,1.0,7代
DPX339,GBL6070,DZ01,大众,中心,1F边厅,A,店外仓,2.0,16.0,B,3.0,中,1.0,7代
DPX340,GBL6070,DZ01,折扣,中心,1F边厅,Z1,店外仓,3.0,10.0,C,3.0,低,1.0,7代
DPX34X,GBL6070,DZ01,大众,中心,2F边厅,Z1,店外仓,3.0,8.0,C,2.0,中,1.0,7代
DPX342,GBL6070,DZ01,大众,中心,1F边厅,A,店外仓,4.0,15.0,A,3.0,中,1.0,7代
DPX343,GBL6070,DZ01,大众,中心,1F边厅,A,店外仓,3.0,4.5,B,3.0,中,1.0,7代
DPX344,GBL6070,DZ01,流行,新兴,2F边厅,A,店外仓,2.0,18.0,A,2.0,中,1.0,8代
DPX345,GBL6070,DZ01,折扣,中心,1F边厅,A,店外仓,3.0,15.0,C,3.0,低,1.0,6代
DPX346,GBL6070,DZ01,大众,中心,3F边厅,A,店外仓,2.0,31.0,C,3.0,中,1.0,7代
DPX347,GBL6070,DZ01,流行,新兴,1F边厅,A,店外仓,3.0,9.0,A,2.0,中,1.0,8代
DPX349,GBL6070,DZ01,大众,中心,1F边厅,A,店外仓,3.0,22.0,A,3.0,中,1.0,7代
DPX350,GBL6070,DZ01,大众,中心,1F边厅,A,店外仓,2.0,20.0,C,3.0,中,1.0,7代
DPX35X,GBL6070,DZ01,流行,新兴,1F边厅,A,店外仓,4.0,10.0,A,2.0,中,1.0,8代
DPX352,GBL6070,DZ01,大众,中心,3F边厅,A,店外仓,4.0,20.0,A,3.0,中,1.0,7代
DPX353,GBL6070,DZ01,折扣,中心,1F边厅,A,店外仓,2.0,24.0,D,3.0,低,1.0,7代
DPX354,GBL6070,DZ01,流行,郊区,1F边厅,A,店外仓,5.0,23.0,A,2.0,中,1.0,7代
DPX355,GBL6070,DZ01,流行,新兴,1F边厅,A,店外仓,3.0,10.0,A,2.0,中,1.0,7代
DPX357,GBL6070,DZ01,大众,中心,1F边厅,A,店外仓,4.0,11.0,A,3.0,中,1.0,7代
DPX358,GBL6070,DZ01,大众,新兴,1F次边厅,A,店外仓,5.0,16.0,B,3.0,中,1.0,7代
DPX359,GBL6070,DZ01,流行,中心,1F边厅,A,店外仓,2.0,12.0,A,2.0,中,1.0,7代
DPX360,GBL6070,DZ01,折扣,郊区,2F边厅,A,店外仓,2.0,7.0,D,3.0,低,1.0,6代
DPX36X,GBL6070,DZ01,大众,中心,1F中岛,A,店外仓,4.0,7.5,A,3.0,中,1.0,7代
DPX363,GBL6070,DZ01,大众,中心,1F边厅,A,店外仓,3.0,11.0,B,3.0,中,1.0,7代
DPX364,GBL6070,DZ01,流行,中心,2F边厅,A,店外仓,3.0,15.0,A,2.0,中,1.0,7代
DPX366,GBL6070,DZ01,流行,中心,1F边厅,A,店外仓,3.0,8.0,B,1.0,中,1.0,7代
DPX367,GBL6070,DZ01,大众,新兴,1F边厅,Z1,店外仓,2.0,8.0,C,3.0,中,1.0,7代
DPX368,GBL6070,DZ01,大众,中心,1F边厅,A,店外仓,3.0,10.0,B,3.0,中,1.0,7代
DPX369,GBL6070,DZ01,大众,中心,2F边厅,A,店外仓,2.0,8.0,C,3.0,中,1.0,7代
DPX370,GBL6070,DZ01,大众,社区,1F边厅,A,店外仓,2.0,6.0,C,3.0,中,1.0,7代
DPX372,GBL6070,DZ01,流行,中心,1F边厅,A,店外仓,4.0,10.0,A,1.0,高,1.0,7代
DPX375,GBL6070,DZ01,高端,中心,负1F中岛,A,店外仓,4.0,10.0,B,3.0,中,1.0,7代
DPX376,GBL6070,DZ01,流行,中心,1F边厅,A,店外仓,4.0,10.0,B,1.0,中,1.0,7代
DPX377,GBL6070,DZ01,大众,中心,1F边厅,A,店外仓,3.0,10.0,B,3.0,中,1.0,7代
DPX378,GBL6070,DZ01,大众,中心,1F边厅,A,店外仓,3.0,10.0,B,3.0,中,1.0,7代
DPX379,GBL6070,DZ01,流行,中心,1F边厅,A,店外仓,4.0,12.0,B,1.0,高,1.0,8代
DPX380,GBL6070,DZ01,流行,中心,1F边厅,Z1,店外仓,3.0,12.0,C,3.0,中,1.0,7代
DPX383,GBL6070,DZ01,流行,中心,1F边厅,A,店外仓,3.0,10.0,B,3.0,中,1.0,7代
DPX385,GBL6070,DZ01,流行,中心,1F边厅,A,店外仓,4.0,12.0,B,2.0,中,1.0,7代
DPX389,GBL6070,DZ01,大众,社区,1F边厅,A,店外仓,3.0,8.0,C,3.0,中,1.0,7代
DPX390,GBL6070,DZ01,大众,中心,1F边厅,A,店外仓,2.0,15.0,B,3.0,中,1.0,7代
DPX39X,GBL6070,DZ01,大众,中心,1F边厅,A,店外仓,3.0,12.0,A,3.0,中,1.0,7代
DPX392,GBL6070,DZ01,大众,中心,1F边厅,Z1,店外仓,3.0,8.0,B,3.0,中,1.0,8代
DPX393,GBL6070,DZ01,流行,中心,1F边厅,Z1,店外仓,2.0,12.0,C,3.0,中,1.0,7代
DPX394,GBL6070,DZ01,大众,中心,1F边厅,Z1,店外仓,2.0,12.0,D,3.0,低,1.0,7代
DPX395,GBL6070,DZ01,折扣,社区,1F边厅,A,店外仓,3.0,8.0,B,3.0,低,1.0,5代
DPX396,GBL6070,DZ01,大众,中心,3F边厅,A,店外仓,3.0,15.0,B,3.0,中,1.0,7代
DPX399,GBL6070,DZ01,大众,郊区,1F边厅,A,店外仓,3.0,8.0,B,1.0,中,1.0,8代
DPX400,GBL6070,DZ01,大众,中心,1F边厅,A,店外仓,4.0,8.0,B,1.0,中,1.0,7代
DPX40X,GBL6070,DZ01,流行,中心,1F边厅,A,店外仓,5.0,30.5,A,2.0,中,1.0,7代
DPX402,GBL6070,DZ01,流行,中心,1F边厅,A,店外仓,4.0,30.5,A,2.0,中,1.0,9代
DPX403,GBL6070,DZ01,大众,新兴,1F边厅,A,店外仓,4.0,12.0,B,1.0,中,1.0,7代
DPX404,GBL6070,DZ01,折扣,新兴,1F边厅,A,店外仓,4.0,8.0,C,3.0,低,1.0,7代
DPX405,GBL6070,DZ01,流行,中心,1F边厅,A,店外仓,3.0,7.0,B,1.0,中,1.0,7代
DPX406,GBL6070,DZ01,流行,中心,1F边厅,A,店外仓,3.0,10.0,B,1.0,中,1.0,7代
DPX407,GBL6070,DZ01,流行,中心,3F边厅,A,店外仓,3.0,8.0,B,2.0,中,1.0,7代
DPX408,GBL6070,DZ01,折扣,社区,1F边厅,A,店外仓,2.0,8.0,C,3.0,低,1.0,7代
DPX409,GBL6070,DZ01,流行,中心,2F中岛,A,店外仓,4.0,8.0,B,2.0,中,1.0,7代
DPX4X0,GBL6070,DZ01,流行,中心,1F边厅,A,店外仓,3.0,8.0,B,2.0,中,1.0,7代
DPX4XX,GBL6070,DZ01,流行,中心,2F边厅,A,店外仓,2.0,8.0,B,2.0,中,1.0,8代
DPX4X3,GBL6070,DZ01,大众,中心,1F边厅,A,店外仓,3.0,8.0,C,3.0,低,1.0,7代
DPX4X4,GBL6070,DZ01,流行,中心,3F次边厅,A,店外仓,3.0,25.0,B,2.0,中,1.0,8代
DPX4X5,GBL6070,DZ01,折扣,社区,2F次边厅,Z1,店外仓,3.0,14.0,C,3.0,低,1.0,7代
DPX4X6,GBL6070,DZ01,大众,中心,2F边厅,A,店外仓,3.0,35.0,C,3.0,中,1.0,7代
DPX4X7,GBL6070,DZ01,大众,中心,1F边厅,A,店外仓,3.0,14.0,C,3.0,中,1.0,7代
DPX4X9,GBL6070,DZ01,大众,中心,1F边厅,A,店外仓,3.0,10.0,C,3.0,中,1.0,8代
DPX420,GBL6070,DZ01,大众,中心,1F边厅,A,店外仓,3.0,30.5,B,3.0,中,1.0,7代
DPX42X,GBL6070,DZ01,折扣,中心,1F边厅,A,店外仓,3.0,10.0,C,3.0,低,1.0,7代
DPX422,GBL6070,DZ01,大众,中心,1F边厅,A,店外仓,4.0,30.0,B,2.0,中,1.0,8代
DPX424,GBL6090,DZ01,大众,中心,1F边厅,A,店外仓,3.0,13.0,B,3.0,中,1.0,7代
DPX425,GBL6090,DZ01,大众,中心,1F边厅,A,店外仓,4.0,11.0,A,3.0,中,1.0,7代
DPX426,GBL6090,DZ01,大众,中心,1F中岛,A,店外仓,4.0,7.5,C,3.0,中,1.0,8代
DPX427,GBL6090,DZ01,流行,中心,1F中岛,A,店外仓,4.0,8.5,B,2.0,中,1.0,7代
DPX428,GBL6090,DZ01,大众,中心,1F次边厅,A,店外仓,3.0,10.0,C,3.0,中,1.0,8代
DPX43X,GBL6090,DZ01,大众,中心,1F边厅,A,店外仓,3.0,8.0,B,3.0,中,1.0,8代
DPX432,GBL6090,DZ01,大众,中心,3F边厅,A,店外仓,3.0,6.8,C,3.0,中,1.0,7代
DPX433,GBL6090,DZ01,流行,中心,1F边厅,A,店外仓,4.0,12.0,B,2.0,中,1.0,7代
DPX434,GBL6090,DZ01,折扣,中心,1F边厅,Z1,店外仓,4.0,7.0,C,3.0,中,1.0,7代
DPX435,GBL6090,DZ01,大众,中心,1F中岛,A,店外仓,3.0,10.0,C,3.0,中,1.0,7代
DPX436,GBL6090,DZ01,大众,中心,1F边厅,A,店外仓,3.0,15.0,B,3.0,中,1.0,7代
DPX437,GBL6090,DZ01,大众,新兴,1F边厅,A,店外仓,3.0,10.0,C,3.0,中,1.0,7代
DPX439,GBL6090,DZ01,流行,中心,1F边厅,A,店外仓,3.0,15.0,B,3.0,中,1.0,7代
DPX440,GBL6090,DZ01,大众,社区,2F边厅,A,店外仓,3.0,9.0,C,2.0,中,1.0,7代
DPX44X,GBL6090,DZ01,流行,中心,GF边厅,A,店外仓,4.0,20.0,C,2.0,中,1.0,7代
DPX442,GBL6090,DZ01,流行,中心,1F中岛,A,店外仓,4.0,15.7,A,1.0,高,1.0,7代
DPX443,GBL6090,DZ01,大众,社区,1F边厅,A,店外仓,3.0,10.0,A,3.0,中,1.0,7代
DPX444,GBL6090,DZ01,大众,社区,1F次边厅,A,店外仓,3.0,11.0,D,3.0,低,1.0,8代
DPX445,GBL6090,DZ01,大众,郊区,1F边厅,A,店外仓,4.0,11.0,A,3.0,中,1.0,8代
DPX446,GBL6090,DZ01,大众,中心,1F边厅,A,店外仓,3.0,8.0,B,3.0,中,1.0,7代
DPX447,GBL6090,DZ01,流行,中心,1F边厅,A,店外仓,4.0,9.0,B,3.0,低,1.0,8代
DPX448,GBL6090,DZ01,大众,郊区,1F边厅,A,店外仓,4.0,10.0,B,3.0,中,1.0,8代
DPX449,GBL6090,DZ01,流行,新兴,2F边厅,A,店外仓,3.0,11.0,C,1.0,中,1.0,7代
DPX450,GBL6090,DZ01,流行,中心,1F中岛,A,店外仓,4.0,9.0,B,1.0,中,1.0,8代
DPX45X,GBL6090,DZ01,折扣,中心,2F边厅,A,店外仓,3.0,22.0,C,2.0,低,1.0,7代
DPX452,GBL6090,DZ01,大众,中心,1F边厅,A,店外仓,4.0,10.0,B,3.0,中,1.0,7代
DPX453,GBL6090,DZ01,流行,中心,3F边厅,A,店外仓,3.0,12.0,B,3.0,低,1.0,7代
DPX454,GBL6090,DZ01,大众,社区,1F边厅,A,店外仓,3.0,17.0,C,3.0,中,1.0,7代
DPX456,GBL6090,DZ01,流行,中心,1F中岛,Z1,店外仓,3.0,12.0,D,3.0,中,1.0,7代
DPX458,GBL6090,DZ01,大众,中心,1F中岛,A,店外仓,4.0,10.0,B,2.0,中,1.0,7代
DPX459,GBL6090,DZ01,大众,中心,1F边厅,A,店外仓,3.0,10.0,C,3.0,中,1.0,8代
DPX460,GBL6090,DZ01,流行,中心,1F边厅,A,店外仓,4.0,10.0,B,2.0,高,1.0,7代
DPX46X,GBL6090,DZ01,流行,中心,2F边厅,A,店外仓,3.0,10.0,C,2.0,中,1.0,7代
DPX462,GBL6090,DZ01,流行,中心,1F边厅,A,店外仓,3.0,15.0,B,2.0,中,1.0,7代
DPX463,GBL6090,DZ01,流行,中心,1F边厅,A,店外仓,4.0,15.0,B,2.0,高,1.0,8代
DPX465,GBL6090,DZ01,大众,中心,1F边厅,A,店外仓,3.0,12.0,C,3.0,中,1.0,7代
DPX466,GBL6090,DZ01,大众,社区,1F中岛,A,店外仓,3.0,10.0,D,3.0,低,1.0,7代
DPX467,GBL6090,DZ01,流行,郊区,1F边厅,A,店外仓,3.0,15.0,A,2.0,高,1.0,7代
DPX468,GBL6090,DZ01,流行,中心,1F边厅,A,店外仓,5.0,20.0,B,2.0,高,1.0,7代
DPX47X,GBL6090,DZ01,高端,中心,2F次边厅,A,店外仓,4.0,15.0,B,2.0,高,1.0,7代
DPX473,GBL6090,DZ01,大众,社区,2F边厅,A,店外仓,3.0,12.0,C,3.0,中,1.0,7代
DPX474,GBL6090,DZ01,大众,中心,1F边厅,A,店外仓,3.0,12.0,C,3.0,中,1.0,7代
DPX475,GBL6090,DZ01,大众,郊区,1F边厅,A,店外仓,3.0,8.0,C,3.0,中,1.0,7代
DPX476,GBL6090,DZ01,流行,社区,1F边厅,A,店外仓,3.0,12.0,C,3.0,中,1.0,7代
DPX477,GBL6090,DZ01,大众,社区,1F边厅,Z1,店外仓,3.0,10.0,C,3.0,低,1.0,6代
DPX478,GBL6090,DZ01,流行,中心,1F边厅,A,店外仓,5.0,12.0,A,2.0,高,1.0,7代
DPX479,GBL6090,DZ01,流行,新兴,1F边厅,A,店外仓,4.0,15.0,A,2.0,高,1.0,7代
DPX480,GBL6090,DZ01,流行,中心,1F边厅,A,店外仓,4.0,12.0,A,2.0,高,1.0,7代
DPX48X,GBL6090,DZ01,流行,中心,1F边厅,A,店外仓,3.0,12.0,C,2.0,中,1.0,7代
DPX482,GBL6120,DZ01,大众,中心,2F边厅,A,店外仓,3.0,10.0,B,3.0,中,1.0,7代
DPX483,GBL6120,DZ01,大众,中心,1F次边厅,A,店外仓,3.0,10.0,B,3.0,中,1.0,7代
DPX484,GBL6120,DZ01,大众,中心,1F次边厅,Z1,店外仓,3.0,10.0,C,3.0,低,1.0,6代
DPX485,GBL6120,DZ01,流行,中心,1F次边厅,A,店外仓,4.0,15.0,B,2.0,高,1.0,7代
DPX486,GBL6120,DZ01,流行,社区,1F边厅,A,店外仓,3.0,15.0,C,2.0,低,1.0,6代
DPX487,GBL6120,DZ01,流行,中心,1F边厅,A,店外仓,4.0,15.0,B,2.0,中,1.0,8代
DPX488,GBL6120,DZ01,大众,社区,1F边厅,A,店外仓,3.0,15.0,C,3.0,低,1.0,7代
DPX489,GBL6120,DZ01,大众,中心,3F中岛,A,店外仓,3.0,10.0,C,3.0,中,1.0,7代
DPX490,GBL6120,DZ01,流行,中心,3F中岛,A,店外仓,5.0,20.0,A,2.0,高,1.0,8代
DPX49X,GBL6120,DZ01,大众,中心,1F边厅,A,店外仓,4.0,15.0,B,3.0,中,1.0,8代
DPX492,GBL6120,DZ01,流行,中心,2F次边厅,Z1,店外仓,3.0,12.0,A,1.0,高,1.0,7代
DPX494,GBL6120,DZ01,大众,社区,1F边厅,A,店外仓,4.0,15.0,C,3.0,中,1.0,7代
DPX495,GBL6120,DZ01,大众,中心,1F中岛,A,店外仓,3.0,12.0,C,3.0,中,1.0,7代
DPX496,GBL6120,DZ01,大众,社区,1F边厅,Z1,店外仓,3.0,20.0,C,3.0,低,1.0,7代
DPX498,GBL6120,DZ01,大众,中心,1F中岛,A,店外仓,2.0,12.0,C,3.0,低,1.0,7代
DPX499,GBL6120,DZ01,大众,中心,1F边厅,A,店外仓,3.0,15.0,C,3.0,中,1.0,7代
DPX50X,GBL6120,DZ01,流行,中心,1F边厅,A,店外仓,4.0,15.0,C,2.0,中,1.0,8代
DPX502,GBL6140,DZ01,流行,中心,1F边厅,A,店外仓,4.0,12.0,B,1.0,高,1.0,7代
DPX503,GBL6140,DZ01,流行,中心,1F边厅,A,店外仓,4.0,6.0,B,1.0,高,1.0,7代
DPX504,GBL6140,DZ01,流行,中心,1F中岛,A,店外仓,3.0,15.0,B,2.0,高,1.0,7代
DPX505,GBL6140,DZ01,大众,郊区,1F中岛,A,店外仓,3.0,10.0,B,3.0,中,1.0,8代
DPX5X0,GBL6140,DZ01,大众,郊区,1F边厅,A,店外仓,3.0,8.0,C,2.0,中,1.0,7代
DPX5XX,GBL6140,DZ01,大众,郊区,1F边厅,Z1,店外仓,3.0,7.0,C,3.0,低,1.0,6代
DPX5X2,GBL6140,DZ01,大众,郊区,1F边厅,A,店外仓,3.0,9.0,D,3.0,低,1.0,7代
DPX5X3,GBL6140,DZ01,大众,郊区,1F边厅,A,店外仓,3.0,9.0,C,3.0,中,1.0,7代
DPX5X4,GBL6140,DZ01,流行,中心,1F边厅,A,店外仓,3.0,7.0,C,2.0,中,1.0,7代
DPX5X5,GBL6130,DZ01,大众,社区,1F中岛,A,店外仓,3.0,6.0,B,3.0,中,1.0,7代
DPX5X6,GBL6130,DZ01,大众,社区,1F边厅,A,店外仓,3.0,6.0,C,3.0,低,1.0,8代
DPX5X7,GBL6130,DZ01,大众,社区,1F中岛,A,店外仓,3.0,10.0,B,2.0,中,1.0,7代
DPX5X8,GBL6130,DZ01,大众,社区,1F边厅,A,店外仓,3.0,8.0,C,3.0,低,1.0,8代
DPX52X,GBL6130,DZ01,大众,社区,1F边厅,A,店外仓,2.0,8.0,C,3.0,低,1.0,7代
DPX522,GBL6130,DZ01,大众,中心,1F边厅,A,店外仓,3.0,6.5,B,3.0,中,1.0,7代
DPX523,GBL6130,DZ01,大众,中心,2F中岛,A,店外仓,3.0,14.62,C,3.0,中,1.0,7代
DPX524,GBL6130,DZ01,大众,社区,1F边厅,A,店外仓,3.0,9.0,C,2.0,低,1.0,7代
DPX525,GBL6130,DZ01,大众,社区,1F中岛,A,店外仓,3.0,7.0,B,3.0,中,1.0,7代
DPX526,GBL6130,DZ01,折扣,社区,1F边厅,A,店外仓,3.0,7.6,B,3.0,低,1.0,7代
DPX529,GBL6130,DZ01,折扣,社区,1F中岛,A,店外仓,3.0,9.4,C,3.0,低,1.0,7代
DPX530,GBL6130,DZ01,大众,社区,1F边厅,A,店外仓,3.0,7.4,C,2.0,中,1.0,7代
DPX533,GBL6130,DZ01,流行,社区,1F中岛,A,店外仓,4.0,8.5,B,1.0,高,1.0,8代
DPX534,GBL6130,DZ01,大众,社区,负1F边厅,A,店外仓,3.0,6.5,B,3.0,中,1.0,8代
DPX535,GBL6130,DZ01,大众,社区,1F边厅,A,店外仓,3.0,7.5,B,3.0,中,1.0,6代
DPX536,GBL6130,DZ01,大众,社区,1F边厅,A,店外仓,2.0,10.2,B,3.0,低,1.0,7代
DPX538,GBL6130,DZ01,流行,中心,2F边厅,A,店外仓,6.0,7.0,A,1.0,高,1.0,7代
DPX539,GBL6130,DZ01,高端,中心,4F中岛,A,店外仓,5.0,10.0,A,1.0,高,1.0,8代
DPX540,GBL6130,DZ01,流行,中心,1F中岛,A,店外仓,4.0,8.0,A,1.0,高,1.0,8代
DPX54X,GBL6130,DZ01,大众,郊区,1F边厅,A,店外仓,3.0,10.3,D,3.0,中,1.0,8代
DPX543,GBL6130,DZ01,折扣,社区,1F中岛,Z1,店外仓,3.0,11.0,C,3.0,低,1.0,7代
DPX545,GBL6130,DZ01,流行,中心,1F边厅,A,店外仓,4.0,6.8,A,2.0,中,1.0,7代
DPX547,GBL6130,DZ01,大众,社区,2F边厅,Z1,店外仓,3.0,8.2,B,3.0,中,1.0,7代
DPX549,GBL6130,DZ01,流行,中心,3F中岛,A,店外仓,6.0,14.2,B,2.0,高,1.0,7代
DPX550,GBL6130,DZ01,大众,社区,1F中岛,A,店外仓,3.0,6.5,B,3.0,中,1.0,8代
DPX55X,GBL6130,DZ01,大众,郊区,1F中岛,A,店外仓,3.0,12.26,C,3.0,低,3.0,7代
DPX552,GBL6130,DZ01,大众,社区,1F边厅,A,店外仓,4.0,13.6,B,3.0,中,1.0,7代
DPX553,GBL6130,DZ01,大众,社区,1F边厅,A,店外仓,3.0,8.4,B,3.0,中,1.0,7代
DPX554,GBL6130,DZ01,大众,社区,1F边厅,A,店外仓,3.0,4.68,C,3.0,中,1.0,5代
DPX555,GBL6130,DZ01,大众,社区,1F边厅,A,店外仓,2.0,12.64,D,3.0,低,1.0,7代
DPX556,GBL6130,DZ01,大众,社区,1F中岛,A,店外仓,3.0,13.75,C,3.0,中,1.0,8代
DPX557,GBL6130,DZ01,大众,社区,1F中岛,A,店外仓,3.0,12.19,B,3.0,中,1.0,8代
DPX558,GBL6130,DZ01,大众,社区,1F边厅,A,店外仓,3.0,13.3,B,3.0,中,1.0,7代
DPX559,GBL6130,DZ01,大众,社区,1F边厅,A,店外仓,3.0,8.2,B,3.0,中,1.0,8代
DPX560,GBL6130,DZ01,流行,社区,1F边厅,A,店外仓,4.0,11.0,B,1.0,中,1.0,7代
DPX56X,GBL6130,DZ01,大众,社区,1F边厅,A,店外仓,3.0,14.8,B,3.0,中,1.0,7代
DPX562,GBL6130,DZ01,流行,中心,1F中岛,Z1,店外仓,3.0,12.77,A,1.0,高,1.0,7代
DPX563,GBL6130,DZ01,大众,社区,1F边厅,A,店外仓,3.0,10.93,B,3.0,中,1.0,7代
DPX564,GBL6130,DZ01,大众,社区,1F边厅,A,店外仓,4.0,5.1,A,1.0,中,1.0,7代
DPX565,GBL6130,DZ01,大众,社区,1F边厅,A,店外仓,3.0,10.0,B,3.0,中,1.0,5代
DPX566,GBL6130,DZ01,大众,社区,1F边厅,A,店外仓,3.0,10.52,B,3.0,中,1.0,7代
DPX567,GBL6130,DZ01,大众,中心,1F边厅,A,店外仓,4.0,9.49,A,1.0,中,1.0,7代
DPX568,GBL6130,DZ01,大众,社区,1F中岛,A,店外仓,3.0,6.5,B,3.0,中,1.0,7代
DPX569,GBL6130,DZ01,大众,社区,1F中岛,A,店外仓,3.0,10.0,B,3.0,中,1.0,7代
DPX570,GBL6130,DZ01,大众,社区,1F中岛,A,店外仓,3.0,18.65,C,3.0,中,1.0,8代
DPX57X,GBL6130,DZ01,大众,社区,1F中岛,A,店外仓,3.0,10.8,B,3.0,中,1.0,7代
DPX572,GBL6130,DZ01,大众,社区,1F边厅,A,店外仓,4.0,11.9,B,3.0,中,1.0,7代
DPX573,GBL6130,DZ01,大众,社区,1F边厅,A,店外仓,3.0,4.0,B,3.0,中,1.0,7代
DPX574,GBL6130,DZ01,大众,社区,1F边厅,A,店外仓,3.0,12.0,B,3.0,中,1.0,7代
DPX575,GBL6130,DZ01,折扣,社区,1F边厅,A,店外仓,3.0,10.0,C,3.0,中,1.0,7代
DPX579,GBL6130,DZ01,高端,中心,负1F边厅,A,店外仓,3.0,10.2,B,3.0,中,1.0,8代
DPX580,GBL6140,DZ01,高端,中心,1F边厅,A,店外仓,4.0,13.647102526002975,B,1.0,高,1.0,8代
DPX582,GBL6140,DZ01,高端,中心,负1F中岛,A,店外仓,3.0,4.6,B,3.0,中,1.0,8代
DPX583,GBL6140,DZ01,高端,中心,1F中岛,Z1,店外仓,4.0,13.647102526002975,B,1.0,高,1.0,7代
DPX584,GBL6140,DZ01,折扣,郊区,3F中岛,A,店外仓,4.0,13.647102526002975,C,1.0,中,3.0,7代
DPX585,GBL6140,DZ01,大众,中心,1F边厅,A,店外仓,3.0,13.647102526002975,C,3.0,中,1.0,5代
DPX587,GBL6140,DZ01,高端,中心,1F边厅,A,店外仓,6.0,13.647102526002975,A,2.0,中,1.0,8代
DPX588,GBL6140,DZ01,折扣,中心,1F边厅,A,店外仓,3.0,13.647102526002975,D,3.0,低,1.0,5代
DPX589,GBL6140,DZ01,大众,中心,1F边厅,A,店外仓,3.0,9.5,C,3.0,低,1.0,7代
DPX590,GBL6140,DZ01,折扣,郊区,1F边厅,A,店外仓,3.0,13.647102526002975,D,3.0,低,1.0,7代
DPX59X,GBL6140,DZ01,大众,中心,1F边厅,A,店外仓,3.0,13.647102526002975,C,3.0,中,1.0,5代
DPX592,GBL6140,DZ01,大众,中心,负1F边厅,A,店外仓,3.0,22.8,C,2.0,中,1.0,7代
DPX594,GBL6140,DZ01,流行,郊区,2F边厅,A,店外仓,4.0,13.647102526002975,B,1.0,中,1.0,8代
DPX595,GBL6140,DZ01,流行,中心,2F次边厅,A,店内仓,3.0,13.647102526002975,B,1.0,高,1.0,7代
DPX596,GBL6140,DZ01,大众,中心,1F边厅,A,店外仓,4.0,13.647102526002975,B,3.0,中,1.0,5代
DPX597,GBL6140,DZ01,高端,中心,负1F边厅,A,店外仓,5.0,13.647102526002975,A,3.0,中,1.0,7代
DPX598,GBL6140,DZ01,流行,中心,1F边厅,A,店外仓,6.0,18.0,A,2.0,高,1.0,8代
DPX599,GBL6140,DZ01,流行,新兴,2F中岛,A,店外仓,4.0,15.0,A,2.0,高,3.0,8代
DPX600,GBL6140,DZ01,大众,中心,2F边厅,A,店外仓,4.0,15.0,B,3.0,中,1.0,6代
DPX60X,GBL6140,DZ01,流行,中心,1F边厅,A,店外仓,4.0,12.0,B,2.0,高,1.0,7代
DPX602,GBL6140,DZ01,大众,中心,1F边厅,A,店外仓,5.0,18.0,C,3.0,中,1.0,7代
DPX603,GBL6140,DZ01,折扣,社区,1F中岛,A,店外仓,3.0,10.0,D,3.0,低,4.0,6代
DPX605,GBL6140,DZ01,折扣,中心,1F边厅,A,店外仓,3.0,13.0,D,3.0,低,3.0,6代
DPX6XX,GBL6130,DZ01,折扣,中心,3F中岛,Z1,店外仓,3.0,8.2,D,3.0,低,1.0,7代
DPX6X2,GBL6130,DZ01,流行,中心,1F边厅,A,店外仓,3.0,5.6,B,1.0,中,1.0,7代
DPX6X3,GBL6130,DZ01,大众,中心,1F边厅,A,店外仓,3.0,6.8,D,3.0,中,1.0,7代
DPX6X4,GBL6130,DZ01,大众,中心,1F中岛,A,店外仓,2.0,7.5,B,3.0,中,1.0,7代
DPX6X7,GBL6100,DZ01,流行,中心,1F边厅,A,店外仓,3.0,10.0,C,3.0,中,1.0,7代
DPX6X8,GBL6100,DZ01,大众,社区,1F次边厅,A,店外仓,3.0,10.0,A,3.0,中,1.0,8代
DPX622,GBL6100,DZ01,流行,中心,2F边厅,A,店外仓,4.0,12.0,B,2.0,中,1.0,7代
DPX623,GBL6100,DZ01,流行,中心,1F边厅,A,店外仓,4.0,10.0,A,2.0,中,1.0,7代
DPX626,GBL6100,DZ01,流行,中心,2F边厅,A,店外仓,3.0,10.0,B,2.0,中,1.0,7代
DPX627,GBL6100,DZ01,折扣,郊区,1F边厅,A,店外仓,3.0,14.0,C,3.0,低,1.0,7代
DPX628,GBL6100,DZ01,大众,中心,1F边厅,A,店外仓,3.0,8.0,C,2.0,中,1.0,7代
DPX630,GBL6100,DZ01,流行,新兴,1F中岛,A,店外仓,4.0,8.0,B,2.0,高,1.0,7代
DPX63X,GBL6100,DZ01,流行,中心,1F边厅,A,店外仓,4.0,10.0,A,2.0,中,1.0,8代
DPX632,GBL6100,DZ01,流行,中心,1F中岛,A,店外仓,4.0,8.0,A,1.0,中,1.0,7代
DPX633,GBL6100,DZ01,大众,郊区,1F边厅,A,店外仓,3.0,10.0,B,2.0,高,1.0,6代
DPX634,GBL6100,DZ01,大众,社区,1F中岛,A,店外仓,3.0,10.0,B,2.0,中,1.0,商场统装
DPX635,GBL6100,DZ01,大众,社区,1F中岛,A,店外仓,4.0,6.0,A,1.0,高,1.0,商场统装
DPX637,GBL6110,DZ01,流行,中心,1F边厅,A,店外仓,4.0,16.0,A,2.0,中,2.0,7代
DPX639,GBL6110,DZ01,流行,中心,1F中岛,Z1,店外仓,3.0,19.0,C,3.0,中,2.0,未知
DPX640,GBL6110,DZ01,大众,中心,1F边厅,A,店外仓,5.0,20.0,A,3.0,中,3.0,7代
DPX64X,GBL6110,DZ01,大众,郊区,1F次边厅,A,店外仓,3.0,8.0,B,3.0,中,1.0,7代
DPX642,GBL6110,DZ01,大众,中心,1F边厅,A,店外仓,4.0,22.0,B,3.0,中,1.0,7代
DPX643,GBL6110,DZ01,大众,中心,1F边厅,A,店外仓,3.0,10.0,D,3.0,低,1.0,7代
DPX644,GBL6110,DZ01,流行,中心,3F边厅,A,店外仓,3.0,9.0,C,2.0,中,1.0,8代
DPX645,GBL6110,DZ01,大众,中心,1F边厅,Z1,店外仓,3.0,19.0,C,3.0,中,1.0,7代
DPX646,GBL6100,DZ01,流行,中心,1F边厅,A,店外仓,3.0,14.0,C,2.0,中,1.0,7代
DPX647,GBL6100,DZ01,高端,中心,2F中岛,Z1,店外仓,4.0,14.0,A,2.0,中,1.0,7代
DPX648,GBL6100,DZ01,大众,中心,1F中岛,A,店外仓,4.0,26.0,B,2.0,中,1.0,8代
DPX650,GBL6100,DZ01,高端,中心,1F中岛,A,店外仓,3.0,18.0,C,1.0,高,1.0,7代
DPX653,GBL6110,DZ01,大众,社区,1F边厅,Z1,店外仓,3.0,14.0,C,3.0,低,1.0,7代
DPX654,GBL6110,DZ01,流行,郊区,1F边厅,Z1,店外仓,2.0,12.0,C,3.0,低,1.0,6代
DPX655,GBL6110,DZ01,高端,中心,1F边厅,A,店外仓,4.0,18.0,C,1.0,高,1.0,8代
DPX657,GBL6110,DZ01,高端,中心,1F边厅,A,店外仓,5.0,16.0,A,1.0,高,1.0,8代
DPX659,GBL6110,DZ01,大众,郊区,2F边厅,A,店外仓,3.0,12.0,B,3.0,低,1.0,8代
DPX660,GBL6110,DZ01,大众,郊区,1F边厅,A,店外仓,3.0,10.0,B,3.0,中,1.0,7代
DPX66X,GBL6110,DZ01,流行,郊区,1F边厅,A,店外仓,4.0,13.0,B,2.0,中,1.0,7代
DPX662,GBL6110,DZ01,大众,郊区,1F边厅,A,店外仓,3.0,12.0,B,3.0,中,1.0,7代
DPX663,GBL6110,DZ01,高端,郊区,1F边厅,A,店外仓,2.0,14.0,B,2.0,中,1.0,7代
DPX664,GBL6110,DZ01,流行,郊区,负1F边厅,A,店外仓,4.0,12.0,B,2.0,中,1.0,8代
DPX665,GBL6110,DZ01,高端,中心,2F边厅,A,店外仓,3.0,20.0,A,1.0,中,1.0,8代
DPX666,GBL6110,DZ01,大众,郊区,1F边厅,A,店外仓,2.0,13.0,C,3.0,低,1.0,7代
DPX668,GBL6110,DZ01,流行,社区,2F边厅,A,店外仓,3.0,15.0,B,2.0,中,1.0,8代
DPX669,GBL6110,DZ01,大众,郊区,1F边厅,A,店外仓,3.0,10.0,B,2.0,中,1.0,8代
DPX67X,GBL6110,DZ01,无,未知,未知,Z1,店外仓,2.0,13.647102526002975,C,2.0,中,1.0,未知
DPX672,GBL6110,DZ01,大众,中心,1F边厅,A,店外仓,3.0,20.0,B,2.0,中,1.0,7代
DPX673,GBL6110,DZ01,流行,新兴,1F边厅,A,店外仓,3.0,15.0,B,2.0,中,1.0,8代
DPX674,GBL6110,DZ01,流行,郊区,1F边厅,A,店外仓,3.0,12.0,B,1.0,中,1.0,7代
DPX676,GBL6110,DZ01,高端,中心,1F边厅,Z1,店外仓,4.0,20.0,A,1.0,高,1.0,7代
DPX677,GBL6110,DZ01,大众,郊区,1F边厅,A,店外仓,3.0,12.0,C,3.0,中,1.0,7代
DPX678,GBL6110,DZ01,大众,社区,1F边厅,A,店外仓,3.0,13.0,C,3.0,低,1.0,7代
DPX679,GBL6110,DZ01,流行,社区,1F边厅,A,店外仓,3.0,14.0,B,2.0,中,1.0,8代
DPX680,GBL6110,DZ01,流行,郊区,1F边厅,A,店外仓,4.0,12.0,B,2.0,中,1.0,7代
DPX68X,GBL6110,DZ01,流行,社区,1F边厅,A,店外仓,4.0,18.0,B,2.0,中,1.0,7代
DPX682,GBL6110,DZ01,大众,郊区,1F边厅,A,店外仓,3.0,15.0,C,3.0,低,1.0,7代
DPX683,GBL6110,DZ01,大众,郊区,1F边厅,Z1,店外仓,3.0,12.0,C,3.0,低,1.0,7代
DPX684,GBL6110,DZ01,流行,社区,2F边厅,Z1,店外仓,3.0,14.0,C,3.0,低,1.0,7代
DPX685,GBL6110,DZ01,大众,郊区,1F边厅,A,店外仓,2.0,10.0,C,0.0,中,1.0,8代
DPX686,GBL6110,DZ01,流行,社区,1F边厅,A,店外仓,3.0,15.0,B,1.0,中,1.0,7代
DPX687,GBL6110,DZ01,大众,郊区,1F边厅,A,店外仓,3.0,12.0,B,3.0,低,1.0,8代
DPX688,GBL6110,DZ01,大众,郊区,1F边厅,A,店外仓,3.0,20.0,C,3.0,低,1.0,8代
DPX689,GBL6060,DZ01,流行,中心,1F边厅,A,店外仓,4.0,25.0,B,2.0,中,1.0,7代
DPX690,GBL6060,DZ01,大众,中心,1F边厅,A,店外仓,3.0,12.0,B,3.0,低,1.0,7代
DPX69X,GBL6060,DZ01,流行,中心,1F边厅,A,店外仓,3.0,11.0,B,2.0,中,1.0,8代
DPX694,GBL6060,DZ01,流行,中心,1F边厅,A,店外仓,3.0,20.0,B,2.0,中,1.0,8代
DPX695,GBL6060,DZ01,高端,中心,1F中岛,A,店外仓,3.0,8.0,C,1.0,高,1.0,7代
DPX697,GBL6060,DZ01,流行,中心,1F边厅,A,店外仓,3.0,12.0,C,2.0,中,1.0,7代
DPX699,GBL6060,DZ01,大众,中心,1F边厅,A,店外仓,3.0,8.0,C,3.0,中,1.0,7代
DPX70X,GBL6060,DZ01,大众,中心,1F边厅,A,店外仓,3.0,10.0,B,3.0,低,1.0,7代
DPX702,GBL6060,DZ01,流行,中心,1F中岛,A,店外仓,3.0,7.0,B,2.0,中,1.0,7代
DPX703,GBL6060,DZ01,流行,中心,1F中岛,Z1,店外仓,3.0,7.0,B,2.0,中,1.0,7代
DPX705,GBL6060,DZ01,大众,中心,1F边厅,A,店外仓,3.0,11.0,B,3.0,中,1.0,5代
DPX709,GBL6060,DZ01,高端,中心,1F中岛,A,店外仓,3.0,12.0,A,1.0,高,1.0,7代
DPX7XX,GBL6060,DZ01,高端,中心,3F中岛,A,店外仓,3.0,11.0,B,2.0,中,1.0,7代
DPX7X2,GBL6060,DZ01,高端,中心,2F中岛,A,店外仓,3.0,9.0,A,1.0,高,1.0,7代
DPX7X3,GBL6060,DZ01,高端,中心,2F中岛,A,店外仓,3.0,14.0,B,1.0,高,1.0,8代
DPX7X4,GBL6060,DZ01,流行,新兴,1F边厅,A,店外仓,4.0,20.0,A,2.0,中,1.0,8代
DPX7X5,GBL6060,DZ01,流行,新兴,1F边厅,A,店外仓,4.0,30.0,A,2.0,中,1.0,8代
DPX7X6,GBL6060,DZ01,大众,社区,1F边厅,A,店外仓,3.0,7.0,C,3.0,中,1.0,7代
DPX7X7,GBL6060,DZ01,大众,中心,1F边厅,A,店外仓,3.0,10.0,C,3.0,低,1.0,7代
DPX7X8,GBL6060,DZ01,折扣,中心,1F边厅,A,店外仓,3.0,20.0,C,3.0,低,1.0,5代
DPX7X9,GBL6080,DZ01,高端,中心,中岛,A,店外仓,3.0,13.0,A,1.0,高,1.0,9代
DPX720,GBL6130,DZ01,流行,中心,1F边厅,A,店外仓,4.0,20.0,B,1.0,中,2.0,8代
DPX72X,GBL6140,DZ01,流行,社区,1F中岛,A,店外仓,3.0,10.0,C,2.0,高,1.0,8代
DPX722,GBL6080,DZ01,大众,郊区,1F次边厅,A,店内仓,2.0,13.647102526002975,A,3.0,中,1.0,未知
DPX725,GBL6070,DZ01,大众,社区,1F边厅,A,店外仓,3.0,20.0,C,3.0,高,1.0,7代
DPX728,GBL6020,DZ01,流行,中心,1F边厅,A,店外仓,3.0,12.0,B,1.0,中,1.0,7代
DPX735,GBL6040,DZ01,流行,中心,1F边厅,A,店内仓,3.0,13.647102526002975,C,2.0,中,1.0,7代
DPX745,GBL6030,DZ01,大众,社区,1F边厅,A,店内仓,3.0,10.0,B,2.0,低,1.0,7代
DPX746,GBL6030,DZ01,大众,郊区,1F边厅,A,店外仓,2.0,13.647102526002975,A,3.0,低,1.0,商场统装
DPX748,GBL6010,DZ01,流行,中心,2F边厅,A,店外仓,3.0,15.0,B,3.0,中,1.0,7代
DPX749,GBL6060,DZ01,流行,中心,1F边厅,Z1,店外仓,3.0,10.0,B,2.0,中,1.0,7代
DPX750,GBL6090,DZ01,流行,未知,1F边厅,Z1,后背仓,3.0,30.0,C,2.0,中,1.0,7代
DPX752,GBL6030,DZ01,流行,社区,1F边厅,A,背库,3.0,10.0,B,3.0,中,1.0,7代
DPX753,GBL6040,DZ01,大众,中心,2F边厅,A,店内仓,3.0,30.0,C,2.0,中,1.0,7代
DPX754,GBL6030,DZ01,流行,中心,1F边厅,Z1,店内仓,3.0,10.0,B,2.0,中,1.0,7代
DPX755,GBL6070,DZ01,大众,郊区,1F边厅,A,店外仓,3.0,20.0,C,3.0,中,1.0,7代
DPX756,GBL6070,DZ01,大众,中心,1F边厅,A,店外仓,3.0,15.0,C,3.0,中,1.0,7代
DPX757,GBL6070,DZ01,大众,郊区,1F边厅,A,店外仓,3.0,20.0,B,3.0,中,1.0,7代
DPX758,GBL6070,DZ01,流行,中心,1F中岛,Z1,店外仓,3.0,15.0,B,2.0,中,1.0,7代
DPX759,GBL6010,DZ01,流行,中心,1F边厅,A,店外仓,3.0,8.0,B,2.0,中,1.0,7代
DPX760,GBL6030,DZ01,流行,中心,1F边厅,A,店内仓,3.0,20.0,A,2.0,中,1.0,商场统装
DPX76X,GBL6100,DZ01,流行,社区,1F边厅,A,店内仓,4.0,20.0,C,2.0,中,1.0,7代
DPX762,GBL6130,DZ01,大众,新兴,2F边厅,A,店内仓,3.0,20.0,B,2.0,中,1.0,7代
DPX763,GBL6050,DZ01,大众,郊区,2F边厅,A,店内仓,3.0,20.0,C,3.0,中,1.0,7代
DPX764,GBL6130,DZ01,大众,新兴,1F边厅,A,店内仓,3.0,10.0,B,2.0,中,1.0,未知
DPX765,GBL6070,DZ01,大众,中心,1F边厅,A,店外仓,3.0,15.0,D,3.0,中,1.0,7代
DPX766,GBL6030,DZ01,大众,社区,1F边厅,A,店内仓,3.0,10.0,C,3.0,中,1.0,商场统装
DPX767,GBL6040,DZ01,大众,中心,2F边厅,A,店外仓,3.0,10.0,D,3.0,中,1.0,商场统装
DPX768,GBL6070,DZ01,流行,中心,1F边厅,A,店内仓,3.0,20.0,B,2.0,中,1.0,7代
DPX770,GBL6080,DZ01,流行,郊区,1F边厅,A,店内仓,2.0,5.0,B,2.0,中,1.0,7代
DPX77X,GBL6080,DZ01,流行,中心,1F边厅,A,店外仓,3.0,18.0,B,2.0,中,1.0,7代
DPX772,GBL6030,DZ01,流行,新兴,1F边厅,A,店内仓,3.0,10.0,A,2.0,中,1.0,8代
DPX773,GBL6030,DZ01,流行,新兴,1F边厅,A,店内仓,3.0,10.0,A,2.0,中,1.0,7代
DPX774,GBL6110,DZ01,折扣,中心,1F边厅,Z1,店内仓,3.0,10.5,C,3.0,中,2.0,商场统装
DPX775,GBL6030,DZ01,折扣,社区,1F边厅,A,店外仓,3.0,10.0,C,3.0,中,1.0,商场统装
DPX776,GBL6030,DZ01,折扣,社区,2F边厅,A,店外仓,3.0,10.0,B,3.0,中,1.0,商场统装
DPX777,GBL6010,DZ01,流行,中心,3F中岛,Z1,店外仓,2.0,13.647102526002975,C,2.0,中,1.0,7代
DPX778,GBL6130,DZ01,流行,社区,1F边厅,A,店内仓,4.0,8.0,C,2.0,中,1.0,7代
DPX779,GBL6090,DZ01,大众,中心,1F中岛,A,店外仓,2.0,30.0,B,3.0,中,1.0,7代
DPX780,GBL6140,DZ01,大众,社区,1F边厅,A,店内仓,3.0,13.647102526002975,C,3.0,中,1.0,未知
DPX78X,GBL6080,DZ01,折扣,新兴,1F边厅,A,店内仓,4.0,20.0,B,2.0,中,1.0,8代
DPX782,GBL6060,DZ01,流行,中心,1F边厅,A,店内仓,3.0,22.0,C,2.0,中,1.0,7代
DPX783,GBL6070,DZ01,流行,中心,1F边厅,A,店内仓,4.0,10.2,C,2.0,中,1.0,7代
DPX784,GBL6140,DZ01,流行,中心,1F中岛,A,店外仓,3.0,10.0,C,2.0,中,3.0,未知
DPX786,GBL6070,DZ01,大众,中心,1F独立店铺,A,店内仓,3.0,20.0,B,3.0,中,1.0,7代
DPX787,GBL6070,DZ01,大众,中心,1F边厅,A,店外仓,3.0,20.0,B,3.0,中,1.0,7代
DPX788,GBL6010,DZ01,大众,中心,1F边厅,A,店内仓,3.0,13.647102526002975,B,3.0,中,1.0,7代
DPX789,GBL6100,DZ01,流行,新兴,1F边厅,A,店内仓,3.0,13.647102526002975,B,2.0,中,1.0,8代
DPX790,GBL6090,DZ01,大众,中心,1F中岛,A,店内仓,3.0,28.0,C,3.0,中,4.0,7代
DPX79X,GBL6040,DZ01,流行,中心,1F边厅,A,店内仓,3.0,10.0,B,2.0,中,4.0,未知
DPX792,GBL6010,DZ01,折扣,中心,2F边厅,A,店内仓,3.0,30.0,C,3.0,低,2.0,未知
DPX793,GBL6040,DZ01,流行,中心,1F边厅,Z1,店内仓,3.0,10.0,B,2.0,中,1.0,7代
DPX794,GBL6030,DZ01,大众,社区,1F边厅,A,店外仓,3.0,10.0,C,3.0,中,1.0,7代
DPX795,GBL6110,DZ01,流行,郊区,1F边厅,A,店内仓,3.0,10.0,B,2.0,中,1.0,7代
DPX796,GBL6130,DZ01,流行,中心,1F中岛,A,店外仓,3.0,6.0,B,2.0,高,1.0,8代
DPX797,GBL6130,DZ01,大众,中心,1F边厅,A,店外仓,3.0,6.0,D,3.0,中,1.0,8代
DPX798,GBL6030,DZ01,大众,郊区,1F边厅,A,店内仓,3.0,10.0,C,3.0,中,1.0,7代
DPX799,GBL6030,DZ01,流行,郊区,1F边厅,A,店内仓,3.0,10.0,B,3.0,中,1.0,7代
DPX800,GBL6140,DZ01,流行,中心,1F边厅,A,店外仓,3.0,10.0,C,2.0,中,1.0,7代
DPX80X,GBL6070,DZ01,流行,中心,1F中岛,A,店外仓,2.0,13.647102526002975,B,2.0,高,1.0,7代
DPX802,GBL6020,DZ01,大众,中心,2F边厅,A,店内仓,3.0,13.647102526002975,B,3.0,中,1.0,未知
DPX803,GBL6020,DZ01,流行,中心,1F边厅,Z1,店内仓,2.0,20.0,C,3.0,低,1.0,7代
DPX804,GBL6060,DZ01,大众,中心,3F边厅,Z1,店外仓,3.0,13.647102526002975,B,1.0,中,1.0,未知
DPX805,GBL6100,DZ01,折扣,社区,1F边厅,A,店外仓,2.0,10.0,C,3.0,低,1.0,7代
DPX806,GBL6090,DZ01,折扣,新兴,2F边厅,A,店内仓,3.0,25.0,C,2.0,中,1.0,8代
DPX807,GBL6050,DZ01,流行,中心,1F边厅,A,店内仓,3.0,20.0,B,2.0,中,1.0,8代
DPX808,GBL6060,DZ01,流行,中心,1F边厅,A,店内仓,3.0,10.0,C,2.0,中,1.0,未知
DPX809,GBL6030,DZ01,流行,社区,1F边厅,A,店内仓,3.0,10.0,A,2.0,中,1.0,未知
DPX8X0,GBL6030,DZ01,流行,社区,1F边厅,A,店内仓,3.0,10.0,B,2.0,中,1.0,未知
DPX8XX,GBL6060,DZ01,大众,中心,1F边厅,A,店外仓,3.0,10.0,D,3.0,低,1.0,未知
DPX8X2,GBL6070,DZ01,折扣,郊区,3F边厅,A,店内仓,4.0,29.0,C,3.0,中,1.0,7代
DPX8X3,GBL6060,DZ01,大众,中心,2F中岛,A,店外仓,3.0,10.0,C,2.0,中,1.0,未知
DPX8X4,GBL6050,DZ01,大众,社区,1F边厅,Z1,店内仓,2.0,8.0,D,3.0,中,1.0,未知
DPX8X5,GBL6110,DZ01,高端,中心,2F次边厅,A,店内仓,3.0,10.0,C,2.0,中,1.0,未知
DPX8X6,GBL6040,DZ01,流行,中心,1F边厅,A,店外仓,2.0,10.0,C,3.0,低,1.0,8代
DPX8X7,GBL6070,DZ01,折扣,郊区,1F边厅,A,店内仓,3.0,13.647102526002975,C,3.0,低,1.0,7代
DPX8X8,GBL6070,DZ01,大众,中心,1F边厅,A,店内仓,3.0,87.0,B,3.0,中,1.0,7代
DPX8X9,GBL6070,DZ01,流行,中心,1F边厅,A,店外仓,2.0,15.0,B,2.0,高,1.0,7代
DPX820,GBL6020,DZ01,大众,社区,1F边厅,A,店内仓,3.0,13.647102526002975,B,3.0,低,1.0,7代
DPX82X,GBL6090,DZ01,流行,郊区,2F中岛,A,店内仓,3.0,20.0,B,2.0,中,1.0,未知
DPX822,GBL6080,DZ01,折扣,社区,1F中岛,A,店外仓,3.0,10.0,B,3.0,低,1.0,未知
DPX823,GBL6050,DZ01,大众,社区,1F边厅,Z1,店内仓,2.0,13.647102526002975,D,3.0,低,1.0,7代
DPX824,GBL6010,DZ01,大众,社区,1F次边厅,A,店外仓,3.0,10.0,C,3.0,中,1.0,未知
DPX825,GBL6080,DZ01,大众,中心,1F边厅,Z1,店内仓,3.0,20.0,B,3.0,中,1.0,未知
DPX826,GBL6070,DZ01,大众,中心,1F边厅,A,店外仓,2.0,13.647102526002975,B,3.0,中,1.0,8代
DPX827,GBL6050,DZ01,大众,社区,3F边厅,Z1,店外仓,2.0,13.647102526002975,C,3.0,中,1.0,7代
DPX828,GBL6140,DZ01,折扣,新兴,3F中岛,A,店内仓,2.0,13.647102526002975,C,3.0,低,1.0,7代
DPX829,GBL6080,DZ01,无,郊区,B1中岛,A,店内仓,2.0,13.647102526002975,C,3.0,低,1.0,未知
DPX830,GBL6140,DZ01,大众,新兴,1F次边厅,A,店外仓,3.0,15.0,B,3.0,中,1.0,7代
DPX83X,GBL6090,DZ01,流行,新兴,1F中岛,A,店外仓,3.0,20.0,C,2.0,中,1.0,8代
DPX833,GBL6130,DZ01,流行,新兴,2F边厅,A,店内仓,3.0,10.0,B,2.0,中,1.0,8代
DPX834,GBL6070,DZ01,大众,中心,1F边厅,A,店外仓,3.0,10.0,B,3.0,中,1.0,8代
DPX835,GBL6020,DZ01,大众,新兴,2F次边厅,A,店内仓,3.0,8.0,C,2.0,中,1.0,7代
DPX836,GBL6100,DZ01,大众,社区,1F次边厅,Z1,店外仓,3.0,13.647102526002975,C,3.0,中,1.0,未知
DPX837,GBL6100,DZ01,大众,中心,1F边厅,A,店外仓,3.0,13.647102526002975,D,3.0,中,2.0,未知
DPX838,GBL6100,DZ01,大众,中心,1F边厅,Z1,店外仓,3.0,13.647102526002975,C,3.0,中,1.0,未知
DPX839,GBL6100,DZ01,大众,中心,1F边厅,A,店外仓,3.0,13.647102526002975,D,3.0,中,2.0,2代
DPX840,GBL6100,DZ01,大众,社区,1F边厅,A,店外仓,3.0,13.647102526002975,C,3.0,中,1.0,未知
DPX84X,GBL6100,DZ01,大众,中心,1F边厅,A,店外仓,3.0,13.647102526002975,C,3.0,中,1.0,未知
DPX842,GBL6100,DZ01,大众,中心,1F边厅,A,店外仓,3.0,13.647102526002975,C,3.0,中,1.0,未知
DPX843,GBL6100,DZ01,大众,新兴,1F边厅,A,店外仓,3.0,13.647102526002975,D,3.0,中,1.0,8代
DPX844,GBL6100,DZ01,大众,社区,1F边厅,A,店外仓,3.0,13.647102526002975,D,3.0,中,1.0,未知
DPX845,GBL6020,DZ01,大众,中心,1F中岛,A,店内仓,2.0,10.0,D,2.0,中,1.0,7代
DPX846,GBL6010,DZ01,流行,新兴,2F边厅,A,店内仓,4.0,20.0,B,2.0,中,1.0,8代
DPX847,GBL6140,DZ01,折扣,社区,1F边厅,A,店内仓,2.0,13.647102526002975,C,3.0,低,1.0,7代
DPX848,GBL6090,DZ01,折扣,未知,1F边厅,A,店内仓,2.0,10.0,C,3.0,中,3.0,8代
DPX849,GBL6010,DZ01,大众,社区,3F中岛,A,店外仓,3.0,10.0,C,3.0,中,1.0,8代
DPX850,GBL6040,DZ01,流行,中心,3F边厅,A,店外仓,2.0,10.0,B,1.0,中,1.0,8代
DPX85X,GBL6090,DZ01,折扣,郊区,2F中岛,Z1,店外仓,3.0,20.0,C,3.0,低,1.0,未知
DPX852,GBL6130,DZ01,大众,社区,2F边厅,A,店内仓,3.0,6.0,B,2.0,低,1.0,未知
DPX853,GBL6070,DZ01,流行,中心,负1F边厅,A,店内仓,3.0,13.647102526002975,A,2.0,中,1.0,8代
DPX854,GBL6140,DZ01,折扣,中心,1F边厅,A,店内仓,3.0,13.647102526002975,B,3.0,中,4.0,8代
DPX855,GBL6140,DZ01,折扣,郊区,2F中岛,A,店内仓,3.0,13.647102526002975,C,3.0,中,4.0,8代
DPX856,GBL6040,DZ01,流行,社区,1F边厅,A,店内仓,2.0,10.0,C,3.0,中,4.0,7代
DPX857,GBL6070,DZ01,大众,中心,1F边厅,A,店内仓,4.0,10.0,B,3.0,中,4.0,8代
DPX858,GBL6050,DZ01,大众,社区,2F边厅,A,店内仓,2.0,12.0,C,3.0,中,4.0,8代
DPX859,GBL6050,DZ01,大众,社区,1F次边厅,A,店外仓,2.0,20.0,C,3.0,中,1.0,8代
DPX860,GBL6130,DZ01,大众,新兴,2F边厅,A,店内仓,3.0,6.0,B,3.0,中,4.0,8代
DPX86X,GBL6140,DZ01,折扣,社区,6F次边厅,Z1,店内仓,2.0,13.647102526002975,C,3.0,低,1.0,7代
DPX862,GBL6140,DZ01,大众,新兴,1F边厅,A,店外仓,3.0,13.647102526002975,B,3.0,中,1.0,8代
DPX863,GBL6110,DZ01,高端,中心,2F边厅,A,店外仓,4.0,6.0,A,1.0,高,1.0,8代
DPX864,GBL6070,DZ01,高端,中心,1F中岛,A,店外仓,3.0,13.647102526002975,B,1.0,高,4.0,7代
DPX865,GBL6060,DZ01,高端,中心,2F边厅,A,店内仓,3.0,10.0,A,2.0,中,1.0,8代
DPX866,GBL6140,DZ01,大众,中心,一楼边厅,A,店外仓,4.0,13.647102526002975,C,3.0,中,1.0,未知
DPX867,GBL6100,DZ01,流行,中心,1F边厅,A,店内仓,3.0,15.0,B,2.0,中,1.0,8代
DPX868,GBL6110,DZ01,大众,郊区,1F边厅,A,店外仓,3.0,13.647102526002975,C,3.0,中,1.0,8代
DPX869,GBL6050,DZ01,大众,社区,1F边厅,A,店外仓,2.0,12.2,B,3.0,中,1.0,8代
DPX87X,GBL6070,DZ01,大众,中心,1F边厅,A,店内仓,3.0,10.0,B,3.0,中,1.0,8代
DPX872,GBL6120,DZ01,折扣,社区,1F中岛,A,店内仓,3.0,13.647102526002975,C,3.0,低,1.0,8代
DPX873,GBL6090,DZ01,大众,社区,1F边厅,A,店外仓,2.0,10.0,B,3.0,中,1.0,8代
DPX874,GBL6050,DZ01,大众,中心,1F边厅,A,店外仓,2.0,13.647102526002975,B,3.0,中,1.0,8代
DPX875,GBL6020,DZ01,大众,郊区,3F边厅,A,店内仓,3.0,12.0,C,3.0,中,1.0,8代
DPX876,GBL6080,DZ01,大众,中心,2F边厅,A,店内仓,2.0,15.0,B,3.0,中,1.0,8代
DPX877,GBL6070,DZ01,大众,中心,2F边厅,A,店外仓,3.0,13.647102526002975,B,3.0,中,4.0,8代
DPX878,GBL6130,DZ01,折扣,社区,1F次边厅,A,店内仓,3.0,10.0,C,3.0,低,1.0,8代
DPX879,GBL6080,DZ01,大众,中心,3F中岛,A,店外仓,2.0,15.0,B,3.0,中,1.0,8代
DPX88X,GBL6060,DZ01,高端,中心,1F边厅,A,店内仓,3.0,10.0,D,2.0,中,1.0,8代
DPX882,GBL6140,DZ01,大众,新兴,1F边厅,A,店内仓,3.0,15.0,B,3.0,中,1.0,8代
DPX883,GBL6050,DZ01,大众,中心,1F次边厅,A,店内仓,2.0,15.0,B,3.0,中,1.0,8代
DPX884,GBL6080,DZ01,大众,中心,负1层边厅,A,店内仓,3.0,15.0,B,3.0,中,1.0,8代
DPX885,GBL6130,DZ01,大众,郊区,1F次边厅,A,店内仓,3.0,8.0,B,3.0,中,1.0,8代
DPX886,GBL6120,DZ01,大众,中心,1F中岛,A,店外仓,3.0,10.0,B,3.0,中,1.0,8代
DPX887,GBL6140,DZ01,大众,社区,2F次边厅,A,店外仓,3.0,13.647102526002975,C,3.0,低,1.0,未知
DPX889,GBL6090,DZ01,大众,中心,1F边厅,A,店内仓,3.0,10.0,B,3.0,中,1.0,8代
DPX890,GBL6080,DZ01,流行,中心,2F次边厅,A,店内仓,3.0,20.0,B,2.0,中,1.0,8代
DPX89X,GBL6010,DZ01,大众,新兴,负1层边厅,A,店内仓,3.0,20.0,C,2.0,低,1.0,8代
DPX892,GBL6130,DZ01,大众,新兴,2F边厅,A,店内仓,3.0,20.0,B,3.0,中,2.0,未知
DPX893,GBL6060,DZ01,流行,未知,1F边厅,A,店内仓,3.0,5.0,B,2.0,中,1.0,8代
DPX895,GBL6090,DZ01,流行,新兴,1F边厅,A,店内仓,2.0,20.0,C,2.0,中,1.0,8代
DPX896,GBL6070,DZ01,折扣,郊区,2F边厅,A,店内仓,5.0,30.0,C,3.0,低,1.0,8代
DPX897,GBL6130,DZ01,大众,新兴,1F边厅,A,店内仓,3.0,8.0,A,2.0,中,1.0,8代
DPX898,GBL6100,DZ01,大众,郊区,1F中岛,A,店内仓,3.0,15.0,B,3.0,中,1.0,8代
DPX899,GBL6080,DZ01,高端,郊区,1F边厅,A,店外仓,2.0,13.647102526002975,B,2.0,中,1.0,8代
DPX900,GBL6080,DZ01,高端,郊区,1F边厅,A,店外仓,2.0,13.647102526002975,B,2.0,中,1.0,8代
DPX90X,GBL6010,DZ01,大众,中心,1F边厅,A,店内仓,3.0,10.0,B,3.0,中,1.0,8代
DPX902,GBL6070,DZ01,大众,郊区,1F边厅,A,店内仓,3.0,10.0,B,3.0,中,1.0,8代
DPX903,GBL6140,DZ01,大众,中心,1F边厅,A,店内仓,3.0,13.647102526002975,C,3.0,中,1.0,8代
DPX905,GBL6130,DZ01,大众,新兴,2F边厅,A,店内仓,3.0,8.0,A,2.0,中,1.0,8代
DPX906,GBL6020,DZ01,大众,社区,2F中岛,A,店外仓,3.0,13.647102526002975,D,3.0,中,1.0,未知
DPX907,GBL6130,DZ01,大众,新兴,2F边厅,A,店内仓,3.0,8.0,B,2.0,中,1.0,未知
DPX908,GBL6030,DZ01,折扣,新兴,2F边厅,A,店内仓,2.0,13.647102526002975,C,0.0,中,1.0,8代
DPX909,GBL6140,DZ01,大众,中心,2F次边厅,A,店外仓,2.0,10.0,B,3.0,中,1.0,未知
DPX9X0,GBL6080,DZ01,大众,郊区,1F边厅,A,店内仓,2.0,25.0,C,3.0,中,1.0,7代
DPX9XX,GBL6080,DZ01,大众,中心,1F边厅,A,店内仓,2.0,20.0,B,3.0,中,1.0,7代
DPX9X4,GBL6140,DZ01,大众,中心,1F次边厅,A,店外仓,3.0,10.0,B,3.0,中,1.0,未知
DPX9X5,GBL6020,DZ01,大众,社区,2F边厅,A,店外仓,3.0,40.0,B,3.0,中,1.0,8代
DPX990,GBL6140,DZ01,流行,郊区,1F边厅,A,店内仓,5.0,13.647102526002975,B,2.0,中,1.0,8代
DPX992,GBL6130,DZ01,大众,新兴,2F边厅,A,店内仓,3.0,10.0,A,3.0,中,1.0,未知
DP4X90,GBL6130,DZ01,流行,中心,商铺,Z1,店外仓,4.0,15.0,A,2.0,中,1.0,2代
DP6224,GBL6140,DZ01,大众,中心,一楼边厅,Z1,店外仓,4.0,13.647102526002975,C,3.0,中,3.0,未知
DP6257,GBL6140,DZ01,流行,社区,边柜,Z1,店外仓,5.0,8.0,C,3.0,中,4.0,8代
DP63X4,GBL6140,DZ01,高端,中心,专卖店,Z1,店外仓,2.0,8.0,B,1.0,高,1.0,2代
DP6400,GBL6130,DZ01,流行,中心,一楼边柜,Z1,店内仓,3.0,10.0,B,2.0,中,3.0,未知
DPS089,GBL6D01,DZ03,流行,未知,未知,A,店外仓,3.0,13.647102526002975,A,2.0,高,1.0,未知
DPS093,GBL6D01,DZ02,无,未知,未知,A,店外仓,3.0,13.647102526002975,B,3.0,低,1.0,未知
DPSX06,GBL6D01,DZ02,流行,未知,未知,A,店外仓,3.0,13.647102526002975,C,2.0,中,1.0,未知
DPL222,GBL6120,DZ01,未知,未知,未知,B,店外仓,2.0,13.647102526002975,C,0.0,中,0.0,未知
DPT00X,GBL6090,DZ01,无,未知,未知,B,店外仓,2.0,13.647102526002975,C,0.0,中,4.0,未知
DPT002,GBL6090,DZ01,无,未知,未知,B,店外仓,2.0,13.647102526002975,C,0.0,中,1.0,未知
DPT007,GBL6050,DZ01,无,未知,未知,B,店外仓,2.0,13.647102526002975,C,0.0,中,4.0,未知
DPT0X0,GBL6060,DZ01,无,未知,未知,B,店外仓,2.0,13.647102526002975,C,0.0,中,4.0,未知
DPT0X3,GBL6050,DZ01,无,未知,未知,B,店外仓,2.0,13.647102526002975,C,0.0,中,4.0,未知
DPT020,GBL6060,DZ01,无,未知,未知,B,店外仓,2.0,13.647102526002975,C,0.0,中,4.0,未知
DPT02X,GBL6090,DZ01,无,未知,未知,Z1,店外仓,2.0,13.647102526002975,C,0.0,中,4.0,未知
DPJ002,GBL6080,DZ01,大众,社区,边柜,Z1,店外仓,2.0,10.0,B,3.0,低,4.0,7代
DPJ006,GBL6080,DZ01,高端,中心,1F中岛,A,店外仓,3.0,10.0,A,2.0,中,4.0,7代
DPJ007,GBL6070,DZ01,大众,新兴,1F边厅,A,店外仓,3.0,35.0,A,3.0,低,4.0,7代
DPJ008,GBL6070,DZ01,折扣,新兴,2F边厅,A,店外仓,3.0,20.0,C,3.0,低,1.0,7代
DPJ009,GBL6090,DZ01,大众,中心,1F中岛,A,店外仓,3.0,10.0,C,3.0,低,4.0,商场统装
DPJ0X0,GBL6090,DZ01,大众,郊区,2F次边厅,A,店外仓,3.0,10.0,C,3.0,中,2.0,7代
DPJ0X2,GBL6130,DZ01,折扣,郊区,1F中岛,A,店外仓,4.0,12.0,D,3.0,低,4.0,6代
DPJ0X3,GBL6130,DZ01,折扣,郊区,1F边厅,A,店外仓,5.0,15.0,B,3.0,低,4.0,6代
DPJ0X4,GBL6130,DZ01,折扣,郊区,1F中岛,A,店外仓,4.0,10.2,A,3.0,低,4.0,6代
DPJ0X5,GBL6140,DZ01,高端,中心,3F中岛,A,店外仓,7.0,33.4,B,1.0,高,4.0,8代
DPJ0X7,GBL6100,DZ01,大众,社区,1F边厅,A,店外仓,4.0,10.0,D,3.0,中,2.0,7代
DPJ0X8,GBL6100,DZ01,大众,社区,1F边厅,A,店外仓,4.0,8.0,B,3.0,中,2.0,7代
DPJ0X9,GBL6100,DZ01,折扣,郊区,1F边厅,Z1,店外仓,3.0,10.0,C,3.0,中,2.0,7代
DPJ020,GBL6100,DZ01,大众,社区,1F边厅,A,店外仓,4.0,10.0,B,2.0,中,2.0,7代
DPJ02X,GBL6100,DZ01,折扣,新兴,2F边厅,A,店外仓,4.0,15.0,C,3.0,低,2.0,7代
DPJ022,GBL6100,DZ01,大众,社区,边柜,A,店外仓,4.0,10.0,C,2.0,中,2.0,7代
DPJ025,GBL6130,DZ01,流行,中心,1F边厅,Z1,店外仓,3.0,16.0,D,3.0,低,2.0,商场统装
DPJ030,GBL6080,DZ01,折扣,未知,次边柜,A,店内仓,3.0,5.0,C,2.0,中,2.0,商场统装
DPJ03X,GBL6010,DZ01,折扣,中心,2F边厅,A,店内仓,3.0,25.0,C,3.0,中,2.0,商场统装
DPJ033,GBL6110,DZ01,大众,社区,一楼边厅,A,店内仓,3.0,10.0,C,2.0,中,2.0,未知
DPJ034,GBL6010,DZ01,流行,新兴,2F边厅,A,店内仓,4.0,20.0,B,2.0,中,2.0,8代
DPJ036,GBL6120,DZ01,流行,中心,1F边厅,A,店外仓,3.0,30.0,B,2.0,中,2.0,8代
DPJ037,GBL6100,DZ01,大众,中心,二楼边厅,A,店内仓,3.0,20.0,A,2.0,中,2.0,8代
DPJ038,GBL6060,DZ01,折扣,郊区,2F边厅,A,店内仓,6.0,50.0,A,2.0,中,2.0,未知
DPJ04X,GBL6070,DZ01,折扣,郊区,未知,A,店内仓,8.0,20.0,C,3.0,中,2.0,8代
